field1,itemvalue2,itemvalue3,itemvalue4,itemvalue5,itemvalue6,itemvalue7,itemvalue8,itemvalue9,itemvalue10,itemvalue11,itemvalue12,itemvalue13,itemvalue14,itemvalue15,itemvalue16,itemvalue17,itemvalue18,itemvalue19,itemvalue20,itemvalue21,itemvalue22,itemvalue23,itemvalue24,itemvalue25,itemvalue26,itemvalue27,itemvalue28,itemvalue29,itemvalue30,itemvalue31
1998," 15歲以上總人口"," 計",2686417,0,2587037,0,0,0,14210,4217,128413,51768,93249,26669,79457,27295,0,8192,178342,85851,374569,121500,760177,105571,5931,2687,404522,96195,18222,99380
1998," 15歲以上總人口"," 男",1350450,0,1330461,0,0,0,10445,2891,74563,29111,48125,13391,45644,17144,0,4571,97974,48859,175481,62460,389162,62152,3441,1717,189758,43710,9862,19989
1998," 15歲以上總人口"," 女",1335967,0,1256576,0,0,0,3765,1326,53850,22657,45124,13278,33813,10151,0,3621,80368,36992,199088,59040,371015,43419,2490,970,214764,52485,8360,79391
1998," 15~19歲"," 計",333788,0,333704,0,0,0,0,0,0,4452,3,3224,2,4535,0,6565,16868,39188,29767,38133,156588,20346,0,0,8184,5836,13,84
1998," 15~19歲"," 男",172150,0,172099,0,0,0,0,0,0,2191,2,1552,2,2524,0,3566,8620,20296,14443,18840,81955,10719,0,0,3960,3423,6,51
1998," 15~19歲"," 女",161638,0,161605,0,0,0,0,0,0,2261,1,1672,0,2011,0,2999,8248,18892,15324,19293,74633,9627,0,0,4224,2413,7,33
1998," 20~24歲"," 計",309021,0,308947,0,0,0,391,915,13458,18519,20039,9889,12742,4192,0,802,31678,5630,51063,9688,115368,12134,0,0,372,2033,34,74
1998," 20~24歲"," 男",158463,0,158425,0,0,0,287,574,6240,9224,9018,4078,6896,2497,0,468,16679,3312,24520,5131,61812,6443,0,0,186,1041,19,38
1998," 20~24歲"," 女",150558,0,150522,0,0,0,104,341,7218,9295,11021,5811,5846,1695,0,334,14999,2318,26543,4557,53556,5691,0,0,186,992,15,36
1998," 25~29歲"," 計",289148,0,289032,0,0,0,3729,1139,20977,4943,19320,3099,14317,2680,0,250,23721,5732,53634,10491,106679,15243,0,0,788,2199,91,116
1998," 25~29歲"," 男",146148,0,146088,0,0,0,2502,693,9771,2707,9016,1793,7676,1616,0,0,12188,3102,24582,5100,55760,7894,0,0,311,1188,37,60
1998," 25~29歲"," 女",143000,0,142944,0,0,0,1227,446,11206,2236,10304,1306,6641,1064,0,98,11533,2630,29052,5391,50919,7349,0,0,477,1011,54,56
1998," 30~34歲"," 計",311661,0,311422,0,0,0,3984,715,20216,5393,16495,2989,14551,5218,0,212,22928,8575,65797,19007,107947,11260,7,3,3012,2931,182,239
1998," 30~34歲"," 男",151247,0,151158,0,0,0,2746,481,9870,2737,8262,1546,8007,3215,0,125,10590,4512,27523,9467,53406,6142,2,1,892,1549,85,89
1998," 30~34歲"," 女",160414,0,160264,0,0,0,1238,234,10346,2656,8233,1443,6544,2003,0,87,12338,4063,38274,9540,54541,5118,5,2,2120,1382,97,150
1998," 35~39歲"," 計",331020,0,329982,0,0,0,2431,601,19892,6269,12820,2905,14943,5268,0,155,22073,9767,66531,19815,127000,8442,70,58,8558,2051,333,1038
1998," 35~39歲"," 男",161042,0,160869,0,0,0,1851,450,10984,3665,6623,1569,8556,3525,0,110,10834,5827,27339,9962,60704,4987,21,16,2709,968,169,173
1998," 35~39歲"," 女",169978,0,169113,0,0,0,580,151,8908,2604,6197,1336,6387,1743,0,45,11239,3940,39192,9853,66296,3455,49,42,5849,1083,164,865
1998," 40~44歲"," 計",304933,0,301836,0,0,0,1526,375,17142,5155,8453,2000,12329,3424,0,118,20887,6742,52714,12872,85262,9840,639,395,51308,10014,641,3097
1998," 40~44歲"," 男",149363,0,148977,0,0,0,1205,291,10318,3374,4816,1148,7678,2423,0,85,12022,4509,23514,6924,39969,6177,195,160,20121,3811,237,386
1998," 40~44歲"," 女",155570,0,152859,0,0,0,321,84,6824,1781,3637,852,4651,1001,0,33,8865,2233,29200,5948,45293,3663,444,235,31187,6203,404,2711
1998," 45~49歲"," 計",248465,0,243303,0,0,0,1040,234,13960,2980,5866,1123,8134,1568,0,71,13281,3972,27849,6288,19026,11492,1435,963,104879,18177,965,5162
1998," 45~49歲"," 男",123120,0,122439,0,0,0,867,202,9047,2065,3404,701,5209,1071,0,51,8319,2663,13571,3372,10351,7666,598,559,45742,6681,300,681
1998," 45~49歲"," 女",125345,0,120864,0,0,0,173,32,4913,915,2462,422,2925,497,0,20,4962,1309,14278,2916,8675,3826,837,404,59137,11496,665,4481
1998," 50~54歲"," 計",137190,0,131582,0,0,0,520,95,7388,1504,3504,612,1565,310,0,12,6360,1838,11013,2461,11575,6343,1088,565,61973,11741,1115,5608
1998," 50~54歲"," 男",68679,0,67939,0,0,0,461,80,5229,1054,2131,392,983,194,0,9,3863,1187,6869,1485,5926,4391,629,395,27987,4312,362,740
1998," 50~54歲"," 女",68511,0,63643,0,0,0,59,15,2159,450,1373,220,582,116,0,3,2497,651,4144,976,5649,1952,459,170,33986,7429,753,4868
1998," 55~59歲"," 計",117725,0,103114,0,0,0,252,59,4174,681,2156,296,248,37,0,2,4027,1135,6174,1273,8368,3547,1075,345,53386,12605,3274,14611
1998," 55~59歲"," 男",57689,0,55355,0,0,0,220,50,3269,537,1278,168,157,30,0,1,2528,749,4511,903,4402,2422,723,278,26510,5306,1313,2334
1998," 55~59歲"," 女",60036,0,47759,0,0,0,32,9,905,144,878,128,91,7,0,1,1499,386,1663,370,3966,1125,352,67,26876,7299,1961,12277
1998," 60~64歲"," 計",88583,0,73653,0,0,0,130,32,2173,386,1137,140,145,15,0,2,2427,692,2806,578,5378,1835,649,193,36889,15081,2965,14930
1998," 60~64歲"," 男",42722,0,39421,0,0,0,117,27,1796,305,759,106,110,10,0,1,1592,479,2271,454,2834,1243,471,160,18298,6752,1636,3301
1998," 60~64歲"," 女",45861,0,34232,0,0,0,13,5,377,81,378,34,35,5,0,1,835,213,535,124,2544,592,178,33,18591,8329,1329,11629
1998," 65歲以上"," 計",214883,0,160462,0,0,0,207,52,9033,1486,3456,392,481,48,0,3,14092,2580,7221,894,16986,5089,968,165,75173,13527,8609,54421
1998," 65歲以上"," 男",119827,0,107691,0,0,0,189,43,8039,1252,2816,338,370,39,0,3,10739,2223,6338,822,12043,4068,802,148,43042,8679,5698,12136
1998," 65歲以上"," 女",95056,0,52771,0,0,0,18,9,994,234,640,54,111,9,0,0,3353,357,883,72,4943,1021,166,17,32131,4848,2911,42285
1999," 15歲以上總人口"," 計",2751996,0,2658680,0,0,0,21055,4731,155920,55658,123717,31057,92641,24215,0,10577,195178,83158,458327,121564,663420,93074,7675,3073,409760,86504,17376,93316
1999," 15歲以上總人口"," 男",1381421,0,1363202,0,0,0,15212,3046,88837,30301,63378,15179,54087,15084,0,5882,107651,47483,215868,63842,340589,54575,4427,1950,188683,37936,9192,18219
1999," 15歲以上總人口"," 女",1370575,0,1295478,0,0,0,5843,1685,67083,25357,60339,15878,38554,9131,0,4695,87527,35675,242459,57722,322831,38499,3248,1123,221077,48568,8184,75097
1999," 15~19歲"," 計",326701,0,326642,0,0,0,0,0,0,5743,60,4029,21,4432,0,8435,20267,41992,48861,47150,117743,25045,0,0,525,2336,3,59
1999," 15~19歲"," 男",168474,0,168441,0,0,0,0,0,0,2919,25,1910,8,2339,0,4522,10173,22056,23465,24112,62415,13054,0,0,261,1180,2,33
1999," 15~19歲"," 女",158227,0,158201,0,0,0,0,0,0,2824,35,2119,13,2093,0,3913,10094,19936,25396,23038,55328,11991,0,0,264,1156,1,26
1999," 20~24歲"," 計",324222,0,324155,0,0,0,480,1066,20151,25662,27983,13822,17835,5338,0,1253,31394,5315,73290,9619,82313,6335,0,0,614,1668,17,67
1999," 20~24歲"," 男",166243,0,166210,0,0,0,335,635,9452,12648,12771,5793,9532,3252,0,780,16693,3180,35514,5402,45552,3502,0,0,323,836,10,33
1999," 20~24歲"," 女",157979,0,157945,0,0,0,145,431,10699,13014,15212,8029,8303,2086,0,473,14701,2135,37776,4217,36761,2833,0,0,291,832,7,34
1999," 25~29歲"," 計",289942,0,289838,0,0,0,5731,1500,29572,4456,29299,3674,16990,1747,0,291,27546,4637,62331,8524,81274,9082,0,0,1299,1831,54,104
1999," 25~29歲"," 男",147276,0,147230,0,0,0,3869,840,13819,2446,13391,2099,9416,1082,0,185,14194,2708,28605,4541,43682,4831,0,0,562,937,23,46
1999," 25~29歲"," 女",142666,0,142608,0,0,0,1862,660,15753,2010,15908,1575,7574,665,0,106,13352,1929,33726,3983,37592,4251,0,0,737,894,31,58
1999," 30~34歲"," 計",310265,0,310057,0,0,0,6026,720,25003,3856,21739,2555,16330,3428,0,208,25887,6800,73866,15266,94670,8624,0,0,3468,1496,115,208
1999," 30~34歲"," 男",151708,0,151615,0,0,0,4054,456,12195,1949,10910,1334,9308,2138,0,123,12540,3584,32048,7619,46632,4604,0,0,1301,775,45,93
1999," 30~34歲"," 女",158557,0,158442,0,0,0,1972,264,12808,1907,10829,1221,7022,1290,0,85,13347,3216,41818,7647,48038,4020,0,0,2167,721,70,115
1999," 35~39歲"," 計",332169,0,331514,0,0,0,3768,583,22426,4962,15614,2624,15717,4177,0,174,23692,7938,74741,16805,118981,7621,69,42,9616,1717,247,655
1999," 35~39歲"," 男",161210,0,161076,0,0,0,2816,423,12339,2737,8312,1395,9339,2713,0,120,11828,4600,31117,8435,56502,4363,24,12,3081,796,124,134
1999," 35~39歲"," 女",170959,0,170438,0,0,0,952,160,10087,2225,7302,1229,6378,1464,0,54,11864,3338,43624,8370,62479,3258,45,30,6535,921,123,521
1999," 40~44歲"," 計",313796,0,311379,0,0,0,2111,373,18160,4402,10104,1847,12937,3113,0,114,21476,6388,59383,12570,100211,8556,504,269,41142,7234,485,2417
1999," 40~44歲"," 男",153124,0,152814,0,0,0,1637,287,10919,2798,5791,1029,8191,2200,0,75,12471,4229,26543,6754,46932,5010,159,103,14843,2664,179,310
1999," 40~44歲"," 女",160672,0,158565,0,0,0,474,86,7241,1604,4313,818,4746,913,0,39,9005,2159,32840,5816,53279,3546,345,166,26299,4570,306,2107
1999," 45~49歲"," 計",265454,0,261170,0,0,0,1354,253,15298,2703,7280,1101,9419,1514,0,79,15624,3881,34469,6311,22295,10868,1904,1103,107884,16942,888,4284
1999," 45~49歲"," 男",130643,0,130230,0,0,0,1117,209,9848,1836,4286,659,6043,1036,0,60,9755,2574,16385,3317,12003,7122,826,604,46101,6177,272,413
1999," 45~49歲"," 女",134811,0,130940,0,0,0,237,44,5450,867,2994,442,3376,478,0,19,5869,1307,18084,2994,10292,3746,1078,499,61783,10765,616,3871
1999," 50~54歲"," 計",153687,0,148946,0,0,0,778,104,8898,1523,4206,605,2420,371,0,18,7822,1904,13606,2559,13449,6497,1468,710,69134,11863,1011,4741
1999," 50~54歲"," 男",76584,0,76040,0,0,0,669,85,6256,1062,2554,379,1529,248,0,13,4763,1243,7999,1534,6940,4467,785,483,30466,4248,317,544
1999," 50~54歲"," 女",77103,0,72906,0,0,0,109,19,2642,461,1652,226,891,123,0,5,3059,661,5607,1025,6509,2030,683,227,38668,7615,694,4197
1999," 55~59歲"," 計",121066,0,109267,0,0,0,361,49,4725,657,2572,313,294,37,0,1,4569,1153,7121,1297,9597,3821,1375,422,56408,11898,2597,11799
1999," 55~59歲"," 男",59840,0,58099,0,0,0,310,40,3661,499,1568,185,196,31,0,0,2800,746,5086,892,5012,2599,872,317,27476,4876,933,1741
1999," 55~59歲"," 女",61226,0,51168,0,0,0,51,9,1064,158,1004,128,98,6,0,1,1769,407,2035,405,4585,1222,503,105,28932,7022,1664,10058
1999," 60~64歲"," 計",93229,0,77906,0,0,0,187,30,2550,374,1260,133,162,12,0,2,2704,703,3261,622,5586,1887,831,253,39513,14510,3326,15323
1999," 60~64歲"," 男",44558,0,41398,0,0,0,170,25,2122,298,798,93,114,9,0,2,1718,470,2608,464,2914,1271,562,195,19471,6348,1746,3160
1999," 60~64歲"," 女",48671,0,36508,0,0,0,17,5,428,76,462,40,48,3,0,0,986,233,653,158,2672,616,269,58,20042,8162,1580,12163
1999," 65歲以上"," 計",221465,0,167806,0,0,0,259,53,9137,1320,3600,354,516,46,0,2,14197,2447,7398,841,17301,4738,1524,274,80157,15009,8633,53659
1999," 65歲以上"," 男",121761,0,110049,0,0,0,235,46,8226,1109,2972,303,411,36,0,2,10716,2093,6498,772,12005,3752,1199,236,44798,9099,5541,11712
1999," 65歲以上"," 女",99704,0,57757,0,0,0,24,7,911,211,628,51,105,10,0,0,3481,354,900,69,5296,986,325,38,35359,5910,3092,41947
2000," 15歲以上總人口"," 計",2812119,0,2722233,0,0,0,26026,7397,176105,71305,148659,41644,101647,19931,0,14361,197452,88036,481767,135487,613668,88970,7955,3117,399689,81845,17172,89886
2000," 15歲以上總人口"," 男",1409655,0,1392272,0,0,0,18657,4825,97712,37412,74732,20981,59116,12600,0,8073,109011,50157,227813,71819,312540,51989,4615,1979,183749,35606,8886,17383
2000," 15歲以上總人口"," 女",1402464,0,1329961,0,0,0,7369,2572,78393,33893,73927,20663,42531,7331,0,6288,88441,37879,253954,63668,301128,36981,3340,1138,215940,46239,8286,72503
2000," 15~19歲"," 計",316863,0,316811,0,0,0,0,0,0,16233,0,9117,0,2579,0,11816,12047,47071,35601,61175,95449,23368,0,0,549,1802,4,52
2000," 15~19歲"," 男",163400,0,163375,0,0,0,0,0,0,7587,0,4717,0,1349,0,6411,6275,24867,18189,31904,48687,12185,0,0,259,942,3,25
2000," 15~19歲"," 女",153463,0,153436,0,0,0,0,0,0,8646,0,4400,0,1230,0,5405,5772,22204,17412,29271,46762,11183,0,0,290,860,1,27
2000," 20~24歲"," 計",335945,0,335847,0,0,0,577,2282,23503,31167,35994,18100,20094,4390,0,1485,31606,5866,84939,11482,57561,4555,0,0,544,1685,17,98
2000," 20~24歲"," 男",172462,0,172417,0,0,0,408,1504,10585,15641,15911,8224,10525,2715,0,943,17013,3568,41648,6603,33300,2640,0,0,312,869,8,45
2000," 20~24歲"," 女",163483,0,163430,0,0,0,169,778,12918,15526,20083,9876,9569,1675,0,542,14593,2298,43291,4879,24261,1915,0,0,232,816,9,53
2000," 25~29歲"," 計",292197,0,292061,0,0,0,7028,2080,36056,4862,36419,4581,18539,1417,0,329,26619,4185,66228,7997,65523,7586,0,0,990,1571,51,136
2000," 25~29歲"," 男",148509,0,148439,0,0,0,4742,1179,16689,2559,16530,2552,10229,913,0,222,13789,2575,30482,4484,36176,4082,0,0,454,757,25,70
2000," 25~29歲"," 女",143688,0,143622,0,0,0,2286,901,19367,2303,19889,2029,8310,504,0,107,12830,1610,35746,3513,29347,3504,0,0,536,814,26,66
2000," 30~34歲"," 計",311059,0,310849,0,0,0,7531,1083,28522,3567,25947,2782,17340,2578,0,231,28502,6127,75823,13211,84484,8803,0,0,2612,1601,105,210
2000," 30~34歲"," 男",153265,0,153169,0,0,0,5052,685,13786,1794,12913,1473,9903,1597,0,149,13971,3230,33411,6575,42232,4631,0,0,953,774,40,96
2000," 30~34歲"," 女",157794,0,157680,0,0,0,2479,398,14736,1773,13034,1309,7437,981,0,82,14531,2897,42412,6636,42252,4172,0,0,1659,827,65,114
2000," 35~39歲"," 計",333132,0,332650,0,0,0,4845,756,24402,4540,18096,2594,16712,3629,0,210,26494,7260,79457,15494,111666,7625,21,29,7257,1348,215,482
2000," 35~39歲"," 男",161325,0,161203,0,0,0,3538,527,13091,2387,9605,1344,9896,2328,0,141,12705,4112,33227,7732,53139,4335,7,9,2342,639,99,122
2000," 35~39歲"," 女",171807,0,171447,0,0,0,1307,229,11311,2153,8491,1250,6816,1301,0,69,13789,3148,46230,7762,58527,3290,14,20,4915,709,116,360
2000," 40~44歲"," 計",318745,0,316786,0,0,0,2512,558,19549,4179,11319,1886,13505,3083,0,138,22605,6751,63981,13364,121029,7665,197,127,20959,2952,427,1959
2000," 40~44歲"," 男",155039,0,154759,0,0,0,1917,415,11481,2588,6411,1017,8569,2134,0,91,12721,4289,28069,7060,55402,4250,62,40,6979,1118,146,280
2000," 40~44歲"," 女",163706,0,162027,0,0,0,595,143,8068,1591,4908,869,4936,949,0,47,9884,2462,35912,6304,65627,3415,135,87,13980,1834,281,1679
2000," 45~49歲"," 計",282496,0,278406,0,0,0,1640,331,16475,2763,8142,1112,10663,1591,0,106,18003,4312,40162,6954,28809,11327,1940,1065,105959,16180,872,4090
2000," 45~49歲"," 男",138714,0,138285,0,0,0,1345,257,10487,1832,4837,656,6854,1104,0,81,11179,2863,18794,3612,15216,7189,831,572,44484,5814,278,429
2000," 45~49歲"," 女",143782,0,140121,0,0,0,295,74,5988,931,3305,456,3809,487,0,25,6824,1449,21368,3342,13593,4138,1109,493,61475,10366,594,3661
2000," 50~54歲"," 計",176831,0,172190,0,0,0,937,159,10504,1669,4937,695,3607,540,0,37,9442,2175,16712,2991,15504,7287,1735,843,78753,12570,1093,4641
2000," 50~54歲"," 男",87638,0,87128,0,0,0,797,133,7156,1150,2967,437,2309,366,0,28,5790,1405,9226,1717,8053,4902,900,546,34444,4447,355,510
2000," 50~54歲"," 女",89193,0,85062,0,0,0,140,26,3348,519,1970,258,1298,174,0,9,3652,770,7486,1274,7451,2385,835,297,44309,8123,738,4131
2000," 55~59歲"," 計",118975,0,109801,0,0,0,445,68,5143,704,2664,298,470,67,0,1,4894,1179,7604,1324,10215,4037,1383,453,55655,11153,2044,9174
2000," 55~59歲"," 男",59004,0,57774,0,0,0,396,53,3935,521,1623,181,291,48,0,1,2976,769,5290,888,5329,2744,846,328,26483,4399,673,1230
2000," 55~59歲"," 女",59971,0,52027,0,0,0,49,15,1208,183,1041,117,179,19,0,0,1918,410,2314,436,4886,1293,537,125,29172,6754,1371,7944
2000," 60~64歲"," 計",98688,0,82741,0,0,0,209,32,2865,386,1396,143,201,15,0,4,3020,735,3856,678,5928,2001,952,292,42699,13656,3673,15947
2000," 60~64歲"," 男",46970,0,43904,0,0,0,186,29,2359,312,867,98,133,12,0,2,1885,472,3008,506,3056,1346,644,223,21081,5879,1806,3066
2000," 60~64歲"," 女",51718,0,38837,0,0,0,23,3,506,74,529,45,68,3,0,2,1135,263,848,172,2872,655,308,69,21618,7777,1867,12881
2000," 65歲以上"," 計",227188,0,174091,0,0,0,302,48,9086,1235,3745,336,516,42,0,4,14220,2375,7404,817,17500,4716,1727,308,83712,17327,8671,53097
2000," 65歲以上"," 男",123329,0,111819,0,0,0,276,43,8143,1041,3068,282,407,34,0,4,10707,2007,6469,738,11950,3685,1325,261,45958,9968,5453,11510
2000," 65歲以上"," 女",103859,0,62272,0,0,0,26,5,943,194,677,54,109,8,0,0,3513,368,935,79,5550,1031,402,47,37754,7359,3218,41587
2001," 15歲以上總人口"," 計",2859275,0,2774405,0,0,0,31152,10977,194849,93707,168263,56132,105856,17684,0,17470,194309,92384,493475,149282,567324,79460,8195,3485,392411,81139,16851,84870
2001," 15歲以上總人口"," 男",1430629,0,1414491,0,0,0,22163,7184,106353,47775,83375,27892,61298,11232,0,9454,107372,51924,233510,80111,288633,46626,4726,2147,179345,34927,8444,16138
2001," 15歲以上總人口"," 女",1428646,0,1359914,0,0,0,8989,3793,88496,45932,84888,28240,44558,6452,0,8016,86937,40460,259965,69171,278691,32834,3469,1338,213066,46212,8407,68732
2001," 15~19歲"," 計",298241,0,298190,0,0,0,0,0,0,24851,0,11998,0,1912,0,14003,8662,50944,26650,71828,65761,17697,0,0,493,3385,6,51
2001," 15~19歲"," 男",153562,0,153533,0,0,0,0,0,0,11744,0,5922,0,927,0,7234,4515,26407,13968,38200,33436,9230,0,0,236,1710,4,29
2001," 15~19歲"," 女",144679,0,144657,0,0,0,0,0,0,13107,0,6076,0,985,0,6769,4147,24537,12682,33628,32325,8467,0,0,257,1675,2,22
2001," 20~24歲"," 計",337769,0,337684,0,0,0,698,3357,24563,41977,36656,26060,18644,3754,0,2337,28012,6635,84445,13954,41743,3283,0,0,466,1077,23,85
2001," 20~24歲"," 男",173142,0,173103,0,0,0,453,2260,11200,20726,15642,12309,9550,2360,0,1437,14980,4017,42253,8011,25107,1988,0,0,260,541,9,39
2001," 20~24歲"," 女",164627,0,164581,0,0,0,245,1097,13363,21251,21014,13751,9094,1394,0,900,13032,2618,42192,5943,16636,1295,0,0,206,536,14,46
2001," 25~29歲"," 計",305353,0,305203,0,0,0,8390,3256,43503,7054,44258,6682,19714,1277,0,337,25603,3809,67895,7950,56935,6097,0,0,830,1576,37,150
2001," 25~29歲"," 男",155099,0,155021,0,0,0,5705,1926,19813,3692,19915,3527,10727,847,0,235,13408,2401,31395,4695,32223,3350,0,0,374,771,17,78
2001," 25~29歲"," 女",150254,0,150182,0,0,0,2685,1330,23690,3362,24343,3155,8987,430,0,102,12195,1408,36500,3255,24712,2747,0,0,456,805,20,72
2001," 30~34歲"," 計",310135,0,309948,0,0,0,8888,1615,31851,3871,30712,3402,18143,1954,0,239,28669,5489,77294,11575,74843,7817,0,0,2044,1456,86,187
2001," 30~34歲"," 男",153921,0,153829,0,0,0,5897,982,15289,1890,15056,1729,10323,1206,0,160,14200,2995,34454,5866,38133,4163,0,0,794,661,31,92
2001," 30~34歲"," 女",156214,0,156119,0,0,0,2991,633,16562,1981,15656,1673,7820,748,0,79,14469,2494,42840,5709,36710,3654,0,0,1250,795,55,95
2001," 35~39歲"," 計",333288,0,332915,0,0,0,5991,1111,26144,4525,20610,2884,17210,3265,0,215,26937,6823,82334,15031,104964,7185,16,15,6164,1317,174,373
2001," 35~39歲"," 男",161194,0,161074,0,0,0,4312,760,13698,2208,10864,1442,10161,2069,0,142,12931,3825,34591,7486,49914,3999,5,5,1969,619,74,120
2001," 35~39歲"," 女",172094,0,171841,0,0,0,1679,351,12446,2317,9746,1442,7049,1196,0,73,14006,2998,47743,7545,55050,3186,11,10,4195,698,100,253
2001," 40~44歲"," 計",321813,0,320273,0,0,0,2976,784,20835,4131,12875,2136,14003,2916,0,153,22708,6992,67614,14297,123285,6680,145,87,15075,2205,376,1540
2001," 40~44歲"," 男",156237,0,155993,0,0,0,2256,574,12024,2387,7246,1120,8825,2012,0,111,12450,4309,29211,7422,56495,3632,50,27,4858,834,150,244
2001," 40~44歲"," 女",165576,0,164280,0,0,0,720,210,8811,1744,5629,1016,5178,904,0,42,10258,2683,38403,6875,66790,3048,95,60,10217,1371,226,1296
2001," 45~49歲"," 計",291676,0,288144,0,0,0,1925,451,17375,3049,9057,1353,11535,1757,0,123,19593,4670,45748,7924,46479,10899,1601,929,89280,13625,771,3532
2001," 45~49歲"," 男",142640,0,142274,0,0,0,1567,344,10912,1950,5339,752,7404,1220,0,88,12042,3004,21002,4155,22914,6668,663,495,36602,4906,247,366
2001," 45~49歲"," 女",149036,0,145870,0,0,0,358,107,6463,1099,3718,601,4131,537,0,35,7551,1666,24746,3769,23565,4231,938,434,52678,8719,524,3166
2001," 50~54歲"," 計",205387,0,200709,0,0,0,1188,236,12364,1846,5700,762,5179,690,0,49,11302,2583,21047,3609,18099,8398,2014,1037,89795,13720,1091,4678
2001," 50~54歲"," 男",101427,0,100908,0,0,0,993,195,8301,1269,3415,490,3331,479,0,36,6950,1662,11006,2020,9479,5469,1010,616,39051,4805,331,519
2001," 50~54歲"," 女",103960,0,99801,0,0,0,195,41,4063,577,2285,272,1848,211,0,13,4352,921,10041,1589,8620,2929,1004,421,50744,8915,760,4159
2001," 55~59歲"," 計",119286,0,112311,0,0,0,512,78,5835,785,2847,353,684,105,0,5,5274,1253,8390,1437,10853,4372,1434,578,55370,10536,1610,6975
2001," 55~59歲"," 男",59162,0,58296,0,0,0,451,66,4314,560,1726,211,430,68,0,4,3183,795,5626,921,5597,2974,843,383,25691,3986,467,866
2001," 55~59歲"," 女",60124,0,54015,0,0,0,61,12,1521,225,1121,142,254,37,0,1,2091,458,2764,516,5256,1398,591,195,29679,6550,1143,6109
2001," 60~64歲"," 計",103729,0,88068,0,0,0,263,39,3238,390,1669,148,216,17,0,5,3439,813,4490,796,6511,2289,1086,385,45905,12617,3752,15661
2001," 60~64歲"," 男",49551,0,46770,0,0,0,234,34,2630,309,1021,93,137,14,0,3,2148,527,3420,563,3360,1534,721,273,22635,5376,1738,2781
2001," 60~64歲"," 女",54178,0,41298,0,0,0,29,5,608,81,648,55,79,3,0,2,1291,286,1070,233,3151,755,365,112,23270,7241,2014,12880
2001," 65歲以上"," 計",232598,0,180960,0,0,0,321,50,9141,1228,3879,354,528,37,0,4,14110,2373,7568,881,17851,4743,1899,454,86989,19625,8925,51638
2001," 65歲以上"," 男",124694,0,113690,0,0,0,295,43,8172,1040,3151,297,410,30,0,4,10565,1982,6584,772,11975,3619,1434,348,46875,10718,5376,11004
2001," 65歲以上"," 女",107904,0,67270,0,0,0,26,7,969,188,728,57,118,7,0,0,3545,391,984,109,5876,1124,465,106,40114,8907,3549,40634
2002," 15歲以上總人口"," 計",2900785,0,2820018,0,0,0,36491,14562,214323,114455,185885,63445,108474,16169,0,18994,193276,99430,497905,155459,536475,70333,8242,3506,386135,80029,16430,80767
2002," 15歲以上總人口"," 男",1449518,0,1434489,0,0,0,25827,9437,115445,57532,90808,31898,62480,10303,0,10011,106752,54551,235862,84288,273408,41488,4735,2139,175206,34255,8064,15029
2002," 15歲以上總人口"," 女",1451267,0,1385529,0,0,0,10664,5125,98878,56923,95077,31547,45994,5866,0,8983,86524,44879,262043,71171,263067,28845,3507,1367,210929,45774,8366,65738
2002," 15~19歲"," 計",283473,0,283423,0,0,0,0,0,0,29203,0,10257,0,1515,0,15454,8733,57764,20288,75408,44757,15413,0,0,437,4189,5,50
2002," 15~19歲"," 男",145867,0,145847,0,0,0,0,0,0,14029,0,5179,0,735,0,7706,4699,28933,10063,40741,23201,8165,0,0,216,2178,2,20
2002," 15~19歲"," 女",137606,0,137576,0,0,0,0,0,0,15174,0,5078,0,780,0,7748,4034,28831,10225,34667,21556,7248,0,0,221,2011,3,30
2002," 20~24歲"," 計",342562,0,342480,0,0,0,863,4410,27874,55187,37637,31401,18020,3197,0,2341,22024,7094,79321,16404,32985,2556,0,0,396,747,23,82
2002," 20~24歲"," 男",176005,0,175962,0,0,0,632,2895,12791,27050,15783,15290,9051,1988,0,1467,12069,4279,40954,9257,20279,1571,0,0,213,382,11,43
2002," 20~24歲"," 女",166557,0,166518,0,0,0,231,1515,15083,28137,21854,16111,8969,1209,0,874,9955,2815,38367,7147,12706,985,0,0,183,365,12,39
2002," 25~29歲"," 計",313345,0,313191,0,0,0,9738,4349,50011,8801,50300,8919,19186,1128,0,361,24342,3662,68163,8167,49515,4343,0,0,765,1391,50,154
2002," 25~29歲"," 男",159069,0,158993,0,0,0,6599,2578,22757,4568,22172,4655,10389,773,0,258,12845,2381,31951,5044,28553,2426,0,0,336,684,24,76
2002," 25~29歲"," 女",154276,0,154198,0,0,0,3139,1771,27254,4233,28128,4264,8797,355,0,103,11497,1281,36212,3123,20962,1917,0,0,429,707,26,78
2002," 30~34歲"," 計",311133,0,310965,0,0,0,10173,2183,35921,4437,34924,4048,18763,1619,0,264,28833,4885,77382,10214,68186,5867,0,0,1809,1361,96,168
2002," 30~34歲"," 男",155098,0,155018,0,0,0,6733,1336,17231,2094,16774,2053,10506,1010,0,181,14366,2777,34780,5334,35355,3124,0,0,704,631,29,80
2002," 30~34歲"," 女",156035,0,155947,0,0,0,3440,847,18690,2343,18150,1995,8257,609,0,83,14467,2108,42602,4880,32831,2743,0,0,1105,730,67,88
2002," 35~39歲"," 計",326810,0,326508,0,0,0,7128,1481,27532,4568,23029,3099,17254,2846,0,195,27721,6415,83105,14208,95644,5736,7,5,5043,1335,157,302
2002," 35~39歲"," 男",158576,0,158464,0,0,0,5021,997,14168,2094,12123,1498,10162,1779,0,127,13254,3440,35256,7122,45853,3181,1,2,1690,628,68,112
2002," 35~39歲"," 女",168234,0,168044,0,0,0,2107,484,13364,2474,10906,1601,7092,1067,0,68,14467,2975,47849,7086,49791,2555,6,3,3353,707,89,190
2002," 40~44歲"," 計",328230,0,327023,0,0,0,3695,1016,22067,4330,14639,2395,14688,2904,0,170,23971,7077,71255,14667,122785,5602,100,52,13467,1807,336,1207
2002," 40~44歲"," 男",159260,0,159056,0,0,0,2799,735,12632,2320,8107,1189,9142,1970,0,122,12708,4304,30518,7496,56839,3036,41,15,4252,699,132,204
2002," 40~44歲"," 女",168970,0,167967,0,0,0,896,281,9435,2010,6532,1206,5546,934,0,48,11263,2773,40737,7171,65946,2566,59,37,9215,1108,204,1003
2002," 45~49歲"," 計",296790,0,293751,0,0,0,2179,601,17878,3422,9677,1555,12043,1904,0,135,21061,5002,50598,8800,65111,9565,1267,687,70768,10823,675,3039
2002," 45~49歲"," 男",144305,0,143979,0,0,0,1723,463,10960,2109,5650,852,7692,1310,0,93,12600,3190,22945,4620,30937,5623,507,336,28271,3902,196,326
2002," 45~49歲"," 女",152485,0,149772,0,0,0,456,138,6918,1313,4027,703,4351,594,0,42,8461,1812,27653,4180,34174,3942,760,351,42497,6921,479,2713
2002," 50~54歲"," 計",227340,0,222816,0,0,0,1428,324,13581,1970,6406,805,6726,844,0,52,13010,2874,25122,4142,20203,9119,2127,1166,97277,14549,1091,4524
2002," 50~54歲"," 男",111885,0,111395,0,0,0,1179,269,9035,1309,3797,507,4337,589,0,41,8022,1857,12596,2251,10599,5819,1028,683,42083,5059,335,490
2002," 50~54歲"," 女",115455,0,111421,0,0,0,249,55,4546,661,2609,298,2389,255,0,11,4988,1017,12526,1891,9604,3300,1099,483,55194,9490,756,4034
2002," 55~59歲"," 計",125339,0,119727,0,0,0,628,109,6799,913,3401,433,1021,154,0,13,5993,1401,9726,1636,11756,4791,1504,639,57209,10291,1310,5612
2002," 55~59歲"," 男",62065,0,61400,0,0,0,549,88,4905,620,2077,277,636,103,0,9,3602,866,6240,1008,5984,3262,859,420,25778,3744,373,665
2002," 55~59歲"," 女",63274,0,58327,0,0,0,79,21,1894,293,1324,156,385,51,0,4,2391,535,3486,628,5772,1529,645,219,31431,6547,937,4947
2002," 60~64歲"," 計",107405,0,92876,0,0,0,292,47,3635,416,1951,176,241,23,0,5,3842,903,5198,902,7486,2579,1207,439,48410,11643,3481,14529
2002," 60~64歲"," 男",51479,0,49069,0,0,0,254,40,2927,316,1176,105,153,18,0,3,2374,578,3846,625,3891,1687,783,304,23673,4858,1458,2410
2002," 60~64歲"," 女",55926,0,43807,0,0,0,38,7,708,100,775,71,88,5,0,2,1468,325,1352,277,3595,892,424,135,24737,6785,2023,12119
2002," 65歲以上"," 計",238358,0,187258,0,0,0,367,42,9025,1208,3921,357,532,35,0,4,13746,2353,7747,911,18047,4762,2030,518,90554,21893,9206,51100
2002," 65歲以上"," 男",125909,0,115306,0,0,0,338,36,8039,1023,3149,293,412,28,0,4,10213,1946,6713,790,11917,3594,1516,379,47990,11490,5436,10603
2002," 65歲以上"," 女",112449,0,71952,0,0,0,29,6,986,185,772,64,120,7,0,0,3533,407,1034,121,6130,1168,514,139,42564,10403,3770,40497
2003," 15歲以上總人口"," 計",2956084,0,2900095,0,0,0,52855,18760,281943,120705,189016,57163,177008,15691,0,18507,243768,95281,542125,131009,455055,54280,6356,1801,387853,37837,13082,55989
2003," 15歲以上總人口"," 男",1475416,0,1466185,0,0,0,36959,11655,149408,59601,90293,29184,99795,9181,0,9287,132914,51023,257304,72992,231971,30358,3519,1064,169768,14713,5196,9231
2003," 15歲以上總人口"," 女",1480668,0,1433910,0,0,0,15896,7105,132535,61104,98723,27979,77213,6510,0,9220,110854,44258,284821,58017,223084,23922,2837,737,218085,23124,7886,46758
2003," 15~19歲"," 計",278603,0,278582,0,0,0,0,0,0,27814,0,8268,0,970,0,16505,11526,60313,22307,79471,26456,24185,0,0,242,517,8,21
2003," 15~19歲"," 男",143432,0,143423,0,0,0,0,0,0,13404,0,4177,0,451,0,8065,5893,29635,11091,42809,14806,12682,0,0,134,272,4,9
2003," 15~19歲"," 女",135171,0,135159,0,0,0,0,0,0,14410,0,4091,0,519,0,8440,5633,30678,11216,36662,11650,11503,0,0,108,245,4,12
2003," 20~24歲"," 計",340752,0,340707,0,0,0,1022,5286,32566,70990,35629,31190,18363,6053,0,1563,15879,7526,75343,18055,19480,1317,0,0,247,167,31,45
2003," 20~24歲"," 男",174991,0,174967,0,0,0,713,3424,14566,35168,14249,15928,8737,3346,0,916,8577,4481,40332,10741,12707,878,0,0,124,66,14,24
2003," 20~24歲"," 女",165761,0,165740,0,0,0,309,1862,18000,35822,21380,15262,9626,2707,0,647,7302,3045,35011,7314,6773,439,0,0,123,101,17,21
2003," 25~29歲"," 計",325596,0,325499,0,0,0,11659,6253,61277,9214,54055,8881,29068,2530,0,130,25878,3954,76607,6576,26787,1637,0,0,497,467,29,97
2003," 25~29歲"," 男",165378,0,165337,0,0,0,7815,3550,27660,4741,23298,4768,15198,1551,0,83,14167,2717,37090,4367,16849,1013,0,0,230,229,11,41
2003," 25~29歲"," 女",160218,0,160162,0,0,0,3844,2703,33617,4473,30757,4113,13870,979,0,47,11711,1237,39517,2209,9938,624,0,0,267,238,18,56
2003," 30~34歲"," 計",310234,0,310128,0,0,0,13157,2948,47600,3200,37060,3451,32194,1399,0,82,34579,4157,82708,5316,38799,1920,0,0,1046,453,59,106
2003," 30~34歲"," 男",155508,0,155449,0,0,0,8606,1803,22704,1460,17533,1688,16761,864,0,64,17293,2614,37323,3275,21729,1112,0,0,384,213,23,59
2003," 30~34歲"," 女",154726,0,154679,0,0,0,4551,1145,24896,1740,19527,1763,15433,535,0,18,17286,1543,45385,2041,17070,808,0,0,662,240,36,47
2003," 35~39歲"," 計",322313,0,322155,0,0,0,10746,1885,38045,2655,23579,2084,30786,1466,0,69,37763,4532,89141,6033,67204,2319,1,0,3382,392,73,158
2003," 35~39歲"," 男",156880,0,156815,0,0,0,7292,1187,18728,1062,12370,935,16823,882,0,39,18156,2548,38116,3345,32629,1314,0,0,1156,199,34,65
2003," 35~39歲"," 女",165433,0,165340,0,0,0,3454,698,19317,1593,11209,1149,13963,584,0,30,19607,1984,51025,2688,34575,1005,1,0,2226,193,39,93
2003," 40~44歲"," 計",332719,0,332293,0,0,0,6682,1110,31226,2150,14970,1406,25763,1400,0,68,34983,5077,80019,6559,106904,3003,56,16,10054,685,162,426
2003," 40~44歲"," 男",161247,0,161135,0,0,0,4857,759,17295,942,8131,635,15178,843,0,53,18212,2941,34056,3436,48862,1557,16,6,3046,256,54,112
2003," 40~44歲"," 女",171472,0,171158,0,0,0,1825,351,13931,1208,6839,771,10585,557,0,15,16771,2136,45963,3123,58042,1446,40,10,7008,429,108,314
2003," 45~49歲"," 計",305160,0,303832,0,0,0,4168,679,24385,1759,9194,900,19114,1011,0,46,29856,3922,59327,4688,84911,5370,707,193,50067,3153,382,1328
2003," 45~49歲"," 男",147771,0,147603,0,0,0,3198,470,14509,922,5340,441,12062,678,0,32,17139,2355,26652,2473,38522,2778,274,90,18628,965,75,168
2003," 45~49歲"," 女",157389,0,156229,0,0,0,970,209,9876,837,3854,459,7052,333,0,14,12717,1567,32675,2215,46389,2592,433,103,31439,2188,307,1160
2003," 50~54歲"," 計",247908,0,245461,0,0,0,2746,373,19000,1170,6104,470,12270,572,0,28,20428,2344,31082,2293,31935,6069,1733,627,99385,6180,652,2447
2003," 50~54歲"," 男",121314,0,121070,0,0,0,2183,281,12013,674,3654,261,7950,365,0,23,12154,1372,14941,1186,16237,3561,796,345,41116,1846,112,244
2003," 50~54歲"," 女",126594,0,124391,0,0,0,563,92,6987,496,2450,209,4320,207,0,5,8274,972,16141,1107,15698,2508,937,282,58269,4334,540,2203
2003," 55~59歲"," 計",135005,0,132004,0,0,0,1268,123,9902,624,3198,207,3385,153,0,8,9857,1155,11934,874,17799,3219,1232,359,61386,4492,829,3001
2003," 55~59歲"," 男",66700,0,66418,0,0,0,1040,99,6831,365,1963,137,2231,107,0,6,5728,699,7102,526,9064,2028,663,228,26050,1397,154,282
2003," 55~59歲"," 女",68305,0,65586,0,0,0,228,24,3071,259,1235,70,1154,46,0,2,4129,456,4832,348,8735,1191,569,131,35336,3095,675,2719
2003," 60~64歲"," 計",112436,0,103715,0,0,0,610,56,5166,360,1866,110,1363,59,0,4,6223,742,6380,528,12146,2022,1090,260,56554,5595,2581,8721
2003," 60~64歲"," 男",54201,0,53052,0,0,0,523,43,3923,250,1122,59,899,39,0,2,3685,463,4503,336,6244,1210,683,161,26099,2000,808,1149
2003," 60~64歲"," 女",58235,0,50663,0,0,0,87,13,1243,110,744,51,464,20,0,2,2538,279,1877,192,5902,812,407,99,30455,3595,1773,7572
2003," 65歲以上"," 計",245358,0,205719,0,0,0,797,47,12776,769,3361,196,4702,78,0,4,16796,1559,7277,616,22634,3219,1537,346,104993,15736,8276,39639
2003," 65歲以上"," 男",127994,0,120916,0,0,0,732,39,11179,613,2633,155,3956,55,0,4,11910,1198,6098,498,14322,2225,1087,234,52801,7270,3907,7078
2003," 65歲以上"," 女",117364,0,84803,0,0,0,65,8,1597,156,728,41,746,23,0,0,4886,361,1179,118,8312,994,450,112,52192,8466,4369,32561
2004," 15歲以上總人口"," 計",3003037,0,2950875,0,0,0,58903,21680,307127,131099,199408,53916,174998,13751,0,19273,245610,98012,547705,133252,455048,53851,6318,1771,379101,37522,12530,52162
2004," 15歲以上總人口"," 男",1496867,0,1488387,0,0,0,40921,13435,160139,65067,94271,28118,98405,8190,0,9513,133691,52249,260541,74683,230505,30031,3476,1051,164662,14542,4897,8480
2004," 15歲以上總人口"," 女",1506170,0,1462488,0,0,0,17982,8245,146988,66032,105137,25798,76593,5561,0,9760,111919,45763,287164,58569,224543,23820,2842,720,214439,22980,7633,43682
2004," 15~19歲"," 計",270832,0,270824,0,0,0,0,0,0,31474,0,6514,0,548,0,16292,9587,61490,19228,77407,23851,23410,0,0,63,957,3,8
2004," 15~19歲"," 男",139512,0,139507,0,0,0,0,0,0,14975,0,3357,0,231,0,7669,4933,30058,9709,41999,13740,12281,0,0,36,518,1,5
2004," 15~19歲"," 女",131320,0,131317,0,0,0,0,0,0,16499,0,3157,0,317,0,8623,4654,31432,9519,35408,10111,11129,0,0,27,439,2,3
2004," 20~24歲"," 計",332673,0,332638,0,0,0,1157,6137,36620,74563,32259,27866,15760,3958,0,2487,16682,8285,68729,20155,16416,1244,0,0,170,132,18,35
2004," 20~24歲"," 男",171053,0,171032,0,0,0,757,4021,15868,37721,13041,14806,7327,2172,0,1502,9221,4819,36573,11760,10493,796,0,0,85,62,8,21
2004," 20~24歲"," 女",161620,0,161606,0,0,0,400,2116,20752,36842,19218,13060,8433,1786,0,985,7461,3466,32156,8395,5923,448,0,0,85,70,10,14
2004," 25~29歲"," 計",339261,0,339190,0,0,0,13030,6857,69344,11315,57629,9984,26053,3008,0,148,24395,4057,77904,7654,25458,1545,0,0,409,372,28,71
2004," 25~29歲"," 男",172294,0,172265,0,0,0,8755,3951,31339,5700,24206,5338,13389,1821,0,97,13512,2785,38784,5142,16133,963,0,0,167,174,9,29
2004," 25~29歲"," 女",166967,0,166925,0,0,0,4275,2906,38005,5615,33423,4646,12664,1187,0,51,10883,1272,39120,2512,9325,582,0,0,242,198,19,42
2004," 30~34歲"," 計",309290,0,309201,0,0,0,14064,3598,51866,3494,40372,3775,30996,1367,0,97,32722,4142,79970,5376,34257,1791,0,0,813,452,49,89
2004," 30~34歲"," 男",155472,0,155427,0,0,0,9136,2101,24785,1588,18763,1833,16158,900,0,73,16389,2639,36590,3356,19539,1038,0,0,304,216,19,45
2004," 30~34歲"," 女",153818,0,153774,0,0,0,4928,1497,27081,1906,21609,1942,14838,467,0,24,16333,1503,43380,2020,14718,753,0,0,509,236,30,44
2004," 35~39歲"," 計",319834,0,319719,0,0,0,11879,2227,39718,2826,26209,2272,30606,1355,0,70,37709,4457,88723,5971,60164,2357,0,0,2666,441,69,115
2004," 35~39歲"," 男",156422,0,156371,0,0,0,7992,1373,19244,1141,13258,1015,16537,834,0,42,18167,2523,38584,3354,29788,1337,0,0,934,219,29,51
2004," 35~39歲"," 女",163412,0,163348,0,0,0,3887,854,20474,1685,12951,1257,14069,521,0,28,19542,1934,50139,2617,30376,1020,0,0,1732,222,40,64
2004," 40~44歲"," 計",333791,0,333568,0,0,0,7737,1366,33121,2327,16642,1457,26912,1418,0,76,35582,5003,82886,6528,100266,2964,38,12,8515,602,116,223
2004," 40~44歲"," 男",161490,0,161427,0,0,0,5550,909,17797,950,8915,654,15619,845,0,56,18072,2852,34975,3429,46322,1596,12,4,2585,244,41,63
2004," 40~44歲"," 女",172301,0,172141,0,0,0,2187,457,15324,1377,7727,803,11293,573,0,20,17510,2151,47911,3099,53944,1368,26,8,5930,358,75,160
2004," 45~49歲"," 計",312963,0,312091,0,0,0,4681,807,25498,1888,10136,920,20172,1081,0,46,31122,4295,64679,5281,102922,4741,406,108,30772,2210,326,872
2004," 45~49歲"," 男",151136,0,150993,0,0,0,3534,552,14856,940,5752,437,12655,719,0,31,17511,2579,28838,2811,45721,2426,130,50,10701,678,72,143
2004," 45~49歲"," 女",161827,0,161098,0,0,0,1147,255,10642,948,4384,483,7517,362,0,15,13611,1716,35841,2470,57201,2315,276,58,20071,1532,254,729
2004," 50~54歲"," 計",263650,0,261531,0,0,0,3133,427,20319,1285,6829,540,13713,653,0,35,22454,2564,36318,2601,34517,6430,1744,608,100677,6080,604,2119
2004," 50~54歲"," 男",128192,0,127988,0,0,0,2464,324,12612,713,4093,292,8802,422,0,28,13255,1504,17037,1331,17308,3644,789,315,41115,1836,104,204
2004," 50~54歲"," 女",135458,0,133543,0,0,0,669,103,7707,572,2736,248,4911,231,0,7,9199,1060,19281,1270,17209,2786,955,293,59562,4244,500,1915
2004," 55~59歲"," 計",150806,0,148272,0,0,0,1581,152,11667,750,3696,243,4595,212,0,12,11409,1344,14128,1037,19966,3671,1271,401,66650,4752,735,2534
2004," 55~59歲"," 男",74145,0,73906,0,0,0,1288,114,7857,454,2268,147,3028,141,0,8,6658,800,7942,625,10015,2257,653,265,27830,1430,126,239
2004," 55~59歲"," 女",76661,0,74366,0,0,0,293,38,3810,296,1428,96,1567,71,0,4,4751,544,6186,412,9951,1414,618,136,38820,3322,609,2295
2004," 60~64歲"," 計",115528,0,108614,0,0,0,745,58,5938,383,2105,133,1491,62,0,3,6854,800,7227,585,13453,2311,1183,268,57720,5223,2072,6914
2004," 60~64歲"," 男",56209,0,55314,0,0,0,623,47,4436,258,1272,74,976,42,0,1,3997,494,4972,355,6873,1387,731,168,26227,1812,569,895
2004," 60~64歲"," 女",59319,0,53300,0,0,0,122,11,1502,125,833,59,515,20,0,2,2857,306,2255,230,6580,924,452,100,31493,3411,1503,6019
2004," 65歲以上"," 計",254409,0,215227,0,0,0,896,51,13036,794,3531,212,4700,89,0,7,17094,1575,7913,657,23778,3387,1676,374,110646,16301,8510,39182
2004," 65歲以上"," 男",130942,0,124157,0,0,0,822,43,11345,627,2703,165,3914,63,0,6,11976,1196,6537,521,14573,2306,1161,249,54678,7353,3919,6785
2004," 65歲以上"," 女",123467,0,91070,0,0,0,74,8,1691,167,828,47,786,26,0,1,5118,379,1376,136,9205,1081,515,125,55968,8948,4591,32397
2005," 15歲以上總人口"," 計",3052889,0,3002214,0,0,0,65950,24553,337087,137410,209484,49708,173209,12627,0,18764,245439,98817,548055,140208,453696,56289,6237,1725,374353,36589,12014,50675
2005," 15歲以上總人口"," 男",1519749,0,1511773,0,0,0,45365,15133,172491,68830,97848,26795,97122,7606,0,8930,132521,53039,261365,79008,230223,31360,3399,1018,161169,13940,4611,7976
2005," 15歲以上總人口"," 女",1533140,0,1490441,0,0,0,20585,9420,164596,68580,111636,22913,76087,5021,0,9834,112918,45778,286690,61200,223473,24929,2838,707,213184,22649,7403,42699
2005," 15~19歲"," 計",271485,0,271473,0,0,0,0,0,0,32881,0,5233,0,260,0,14770,9891,61921,15420,81759,23571,25002,0,0,201,563,1,12
2005," 15~19歲"," 男",140513,0,140508,0,0,0,0,0,0,15591,0,2672,0,117,0,6519,5109,30661,8276,44669,13254,13214,0,0,121,305,0,5
2005," 15~19歲"," 女",130972,0,130965,0,0,0,0,0,0,17290,0,2561,0,143,0,8251,4782,31260,7144,37090,10317,11788,0,0,80,258,1,7
2005," 20~24歲"," 計",322231,0,322197,0,0,0,1307,6860,42289,76623,29540,23292,13813,2388,0,3451,16440,7924,61063,20691,14620,1551,0,0,189,143,13,34
2005," 20~24歲"," 男",165596,0,165576,0,0,0,893,4446,18047,39353,11949,13233,6147,1305,0,2030,8817,4623,32328,11979,9328,932,0,0,86,73,7,20
2005," 20~24歲"," 女",156635,0,156621,0,0,0,414,2414,24242,37270,17591,10059,7666,1083,0,1421,7623,3301,28735,8712,5292,619,0,0,103,70,6,14
2005," 25~29歲"," 計",349706,0,349641,0,0,0,14754,7506,77344,13267,59238,10928,22829,3566,0,174,20613,4178,78668,8750,25330,1565,0,0,523,385,23,65
2005," 25~29歲"," 男",177850,0,177824,0,0,0,9751,4421,34975,6776,24445,5895,11608,2079,0,118,11202,2811,40226,5928,16230,1002,0,0,197,152,8,26
2005," 25~29歲"," 女",171856,0,171817,0,0,0,5003,3085,42369,6491,34793,5033,11221,1487,0,56,9411,1367,38442,2822,9100,563,0,0,326,233,15,39
2005," 30~34歲"," 計",309752,0,309648,0,0,0,15049,4226,57356,3647,43650,3951,29370,1375,0,100,30212,4010,75944,5464,32053,1812,0,0,865,518,46,104
2005," 30~34歲"," 男",155550,0,155500,0,0,0,9742,2408,27041,1721,19891,1986,15346,903,0,73,15303,2586,34778,3473,18656,1049,0,0,293,236,15,50
2005," 30~34歲"," 女",154202,0,154148,0,0,0,5307,1818,30315,1926,23759,1965,14024,472,0,27,14909,1424,41166,1991,13397,763,0,0,572,282,31,54
2005," 35~39歲"," 計",318456,0,318316,0,0,0,13186,2643,42552,2952,29040,2428,30007,1339,0,76,37767,4384,87304,5820,53552,2433,0,0,2286,481,66,140
2005," 35~39歲"," 男",156437,0,156380,0,0,0,8781,1585,20096,1227,14238,1083,16041,863,0,51,18227,2528,38725,3329,27189,1372,0,0,790,229,26,57
2005," 35~39歲"," 女",162019,0,161936,0,0,0,4405,1058,22456,1725,14802,1345,13966,476,0,25,19540,1856,48579,2491,26363,1061,0,0,1496,252,40,83
2005," 40~44歲"," 計",332980,0,332788,0,0,0,8885,1600,34701,2375,18474,1602,28011,1390,0,86,35865,4999,85086,6441,92540,2884,23,8,7159,581,78,192
2005," 40~44歲"," 男",160878,0,160820,0,0,0,6251,1044,18111,940,9681,732,16007,818,0,60,17844,2794,35857,3401,43261,1571,8,2,2153,253,32,58
2005," 40~44歲"," 女",172102,0,171968,0,0,0,2634,556,16590,1435,8793,870,12004,572,0,26,18021,2205,49229,3040,49279,1313,15,6,5006,328,46,134
2005," 45~49歲"," 計",317637,0,316872,0,0,0,5375,910,27027,1990,11343,1002,21022,1120,0,43,31956,4507,68714,5677,110977,3956,166,42,19287,1484,274,765
2005," 45~49歲"," 男",152994,0,152844,0,0,0,3989,616,15334,968,6256,451,13052,730,0,30,17564,2678,30213,3037,49224,1973,48,17,6129,472,63,150
2005," 45~49歲"," 女",164643,0,164028,0,0,0,1386,294,11693,1022,5087,551,7970,390,0,13,14392,1829,38501,2640,61753,1983,118,25,13158,1012,211,615
2005," 50~54歲"," 計",280016,0,277976,0,0,0,3612,494,21986,1462,7828,588,15346,741,0,41,24721,2905,42059,2986,40212,6850,1649,568,97507,5872,549,2040
2005," 50~54歲"," 男",135828,0,135634,0,0,0,2788,364,13477,783,4624,309,9793,486,0,33,14506,1718,19439,1523,19929,3806,694,296,39192,1768,106,194
2005," 50~54歲"," 女",144188,0,142342,0,0,0,824,130,8509,679,3204,279,5553,255,0,8,10215,1187,22620,1463,20283,3044,955,272,58315,4104,443,1846
2005," 55~59歲"," 計",173029,0,170456,0,0,0,1927,194,13816,871,4392,307,6190,280,0,15,13386,1519,17322,1278,22322,4239,1423,458,74729,5081,707,2573
2005," 55~59歲"," 男",84545,0,84304,0,0,0,1549,148,9025,509,2628,173,4047,186,0,9,7806,899,9243,737,11217,2594,712,284,30910,1508,120,241
2005," 55~59歲"," 女",88484,0,86152,0,0,0,378,46,4791,362,1764,134,2143,94,0,6,5580,620,8079,541,11105,1645,711,174,43819,3573,587,2332
2005," 60~64歲"," 計",113104,0,107641,0,0,0,876,68,6481,425,2232,143,1763,74,0,1,7062,819,7727,637,13842,2427,1139,253,55357,4743,1572,5463
2005," 60~64歲"," 男",55097,0,54490,0,0,0,727,55,4758,272,1352,84,1116,53,0,1,4052,498,5188,391,7074,1464,671,160,24630,1580,364,607
2005," 60~64歲"," 女",58007,0,53151,0,0,0,149,13,1723,153,880,59,647,21,0,0,3010,321,2539,246,6768,963,468,93,30727,3163,1208,4856
2005," 65歲以上"," 計",264493,0,225206,0,0,0,979,52,13535,917,3747,234,4858,94,0,7,17526,1651,8748,705,24677,3570,1837,396,116250,16738,8685,39287
2005," 65歲以上"," 男",134461,0,127893,0,0,0,894,46,11627,690,2784,177,3965,66,0,6,12091,1243,7092,541,14861,2383,1266,259,56668,7364,3870,6568
2005," 65歲以上"," 女",130032,0,97313,0,0,0,85,6,1908,227,963,57,893,28,0,1,5435,408,1656,164,9816,1187,571,137,59582,9374,4815,32719
2006," 15歲以上總人口"," 計",3101807,0,3053342,0,0,0,73773,28119,365243,147281,213646,47908,170735,11979,0,17729,246893,103210,552495,145416,449584,53930,6126,1699,369669,36325,11582,48465
2006," 15歲以上總人口"," 男",1540785,0,1533297,0,0,0,50274,17275,184158,74157,99505,26255,95235,7280,0,8214,132516,55313,263192,82388,227872,29718,3312,996,157639,13644,4354,7488
2006," 15歲以上總人口"," 女",1561022,0,1520045,0,0,0,23499,10844,181085,73124,114141,21653,75500,4699,0,9515,114377,47897,289303,63028,221712,24212,2814,703,212030,22681,7228,40977
2006," 15~19歲"," 計",275673,0,275668,0,0,0,0,0,0,40123,0,4918,0,136,0,13395,9163,66074,15101,84808,19386,21603,0,0,390,569,2,5
2006," 15~19歲"," 男",143304,0,143300,0,0,0,0,0,0,19578,0,2640,0,54,0,5608,4733,32933,7898,46662,11473,11217,0,0,211,293,0,4
2006," 15~19歲"," 女",132369,0,132368,0,0,0,0,0,0,20545,0,2278,0,82,0,7787,4430,33141,7203,38146,7913,10386,0,0,179,276,2,1
2006," 20~24歲"," 計",304105,0,304077,0,0,0,1315,8025,46517,76302,24193,19158,11828,1135,0,3723,16416,7072,53140,20299,12736,1871,0,0,190,150,7,28
2006," 20~24歲"," 男",155971,0,155955,0,0,0,895,5193,19849,39133,9960,11196,4854,664,0,2180,8750,4058,28146,11822,8025,1084,0,0,72,72,2,16
2006," 20~24歲"," 女",148134,0,148122,0,0,0,420,2832,26668,37169,14233,7962,6974,471,0,1543,7666,3014,24994,8477,4711,787,0,0,118,78,5,12
2006," 25~29歲"," 計",350987,0,350909,0,0,0,15868,8076,84652,14783,57193,12449,18920,3942,0,227,17521,4557,76311,9953,23607,1616,0,0,770,434,30,78
2006," 25~29歲"," 男",178023,0,177995,0,0,0,10568,4759,37954,7677,23259,6813,9522,2193,0,154,9433,2944,39823,6583,15010,984,0,0,178,131,10,28
2006," 25~29歲"," 女",172964,0,172914,0,0,0,5300,3317,46698,7106,33934,5636,9398,1749,0,73,8088,1613,36488,3370,8597,632,0,0,592,303,20,50
2006," 30~34歲"," 計",322503,0,322404,0,0,0,16848,5028,64700,4446,48082,4545,28476,1560,0,108,28992,4010,75578,5840,30689,1893,0,0,950,610,49,99
2006," 30~34歲"," 男",161877,0,161830,0,0,0,10805,2859,30206,2182,21578,2348,14789,1041,0,77,14841,2649,35023,3749,18049,1065,0,0,284,272,13,47
2006," 30~34歲"," 女",160626,0,160574,0,0,0,6043,2169,34494,2264,26504,2197,13687,519,0,31,14151,1361,40555,2091,12640,828,0,0,666,338,36,52
2006," 35~39歲"," 計",316021,0,315897,0,0,0,14506,3135,44835,3052,32117,2560,29589,1275,0,77,36943,4310,85635,5609,47360,2425,0,0,1886,523,60,124
2006," 35~39歲"," 男",156250,0,156199,0,0,0,9449,1910,21070,1269,15402,1169,15620,824,0,56,17976,2544,38471,3287,24878,1357,0,0,646,249,22,51
2006," 35~39歲"," 女",159771,0,159698,0,0,0,5057,1225,23765,1783,16715,1391,13969,451,0,21,18967,1766,47164,2322,22482,1068,0,0,1240,274,38,73
2006," 40~44歲"," 計",332249,0,332079,0,0,0,10353,1912,35894,2571,20224,1739,28453,1372,0,89,36565,4907,87181,6341,84813,2909,15,1,6073,585,82,170
2006," 40~44歲"," 男",160033,0,159982,0,0,0,7162,1221,18118,1007,10456,763,16002,833,0,57,17786,2714,36840,3418,39834,1609,5,0,1849,267,41,51
2006," 40~44歲"," 女",172216,0,172097,0,0,0,3191,691,17776,1564,9768,976,12451,539,0,32,18779,2193,50341,2923,44979,1300,10,1,4224,318,41,119
2006," 45~49歲"," 計",320959,0,320347,0,0,0,6241,1008,28177,2051,12280,1101,22099,1173,0,37,32687,4647,72181,6107,109924,3506,108,33,15559,1211,217,612
2006," 45~49歲"," 男",154216,0,154080,0,0,0,4551,650,15573,943,6720,507,13528,748,0,29,17504,2735,31242,3237,49092,1763,33,12,4774,380,59,136
2006," 45~49歲"," 女",166743,0,166267,0,0,0,1690,358,12604,1108,5560,594,8571,425,0,8,15183,1912,40939,2870,60832,1743,75,21,10785,831,158,476
2006," 50~54歲"," 計",289116,0,287400,0,0,0,4092,573,23176,1627,8249,685,16611,818,0,46,26714,3262,47723,3439,54546,6705,1311,425,81941,4979,478,1716
2006," 50~54歲"," 男",139533,0,139360,0,0,0,3110,395,13943,849,4823,354,10547,544,0,34,15529,1904,21696,1773,25755,3621,523,221,32128,1529,82,173
2006," 50~54歲"," 女",149583,0,148040,0,0,0,982,178,9233,778,3426,331,6064,274,0,12,11185,1358,26027,1666,28791,3084,788,204,49813,3450,396,1543
2006," 55~59歲"," 計",201249,0,198632,0,0,0,2435,224,16110,1007,5012,367,7997,380,0,19,16121,1782,21585,1546,25887,4993,1610,531,84808,5502,716,2617
2006," 55~59歲"," 男",97846,0,97594,0,0,0,1895,176,10404,583,3000,203,5203,253,0,12,9359,1040,10934,862,12969,2957,788,305,34915,1615,121,252
2006," 55~59歲"," 女",103403,0,101038,0,0,0,540,48,5706,424,2012,164,2794,127,0,7,6762,742,10651,684,12918,2036,822,226,49893,3887,595,2365
2006," 60~64歲"," 計",113249,0,109074,0,0,0,1016,78,7163,442,2311,149,1970,89,0,2,7659,876,8428,661,14539,2541,1113,286,54065,4520,1166,4175
2006," 60~64歲"," 男",55173,0,54750,0,0,0,845,59,5095,271,1398,82,1287,60,0,2,4357,528,5454,388,7356,1550,628,180,23497,1472,241,423
2006," 60~64歲"," 女",58076,0,54324,0,0,0,171,19,2068,171,913,67,683,29,0,0,3302,348,2974,273,7183,991,485,106,30568,3048,925,3752
2006," 65歲以上"," 計",275696,0,236855,0,0,0,1099,60,14019,877,3985,237,4792,99,0,6,18112,1713,9632,813,26097,3868,1969,423,123037,17242,8775,38841
2006," 65歲以上"," 男",138559,0,132252,0,0,0,994,53,11946,665,2909,180,3883,66,0,5,12248,1264,7665,607,15431,2511,1335,278,59085,7364,3763,6307
2006," 65歲以上"," 女",137137,0,104603,0,0,0,105,7,2073,212,1076,57,909,33,0,1,5864,449,1967,206,10666,1357,634,145,63952,9878,5012,32534
2007," 15歲以上總人口"," 計",3151693,0,3105630,0,0,0,83849,30587,399293,160161,214947,46890,168517,11608,0,16881,246226,103141,555200,149310,447738,52642,6037,1668,363815,36117,11003,46063
2007," 15歲以上總人口"," 男",1562801,0,1555840,0,0,0,56562,18527,198913,80625,99799,25794,93679,7027,0,7601,131824,55366,264917,85266,225669,29125,3239,981,153556,13308,4062,6961
2007," 15歲以上總人口"," 女",1588892,0,1549790,0,0,0,27287,12060,200380,79536,115148,21096,74838,4581,0,9280,114402,47775,290283,64044,222069,23517,2798,687,210259,22809,6941,39102
2007," 15~19歲"," 計",277674,0,277670,0,0,0,0,0,0,46475,0,4316,0,123,0,12406,8012,65931,14982,86121,18677,19427,0,0,357,840,3,4
2007," 15~19歲"," 男",144870,0,144866,0,0,0,0,0,0,22558,0,2290,0,40,0,4933,4481,33096,7917,47935,10682,10343,0,0,183,407,1,4
2007," 15~19歲"," 女",132804,0,132804,0,0,0,0,0,0,23917,0,2026,0,83,0,7473,3531,32835,7065,38186,7995,9084,0,0,174,433,2,0
2007," 20~24歲"," 計",289265,0,289249,0,0,0,1454,8221,51478,80037,17830,16160,9816,408,0,3733,15285,5916,46032,19596,10767,2185,0,0,167,164,0,16
2007," 20~24歲"," 男",148347,0,148340,0,0,0,996,5225,22088,41049,7513,9460,3674,252,0,2150,8307,3318,24714,11469,6732,1249,0,0,56,88,0,7
2007," 20~24歲"," 女",140918,0,140909,0,0,0,458,2996,29390,38988,10317,6700,6142,156,0,1583,6978,2598,21318,8127,4035,936,0,0,111,76,0,9
2007," 25~29歲"," 計",357402,0,357339,0,0,0,18324,8771,95507,16300,54083,13796,15770,4022,0,320,14998,5234,72987,11949,22180,1634,0,0,939,488,37,63
2007," 25~29歲"," 男",181258,0,181231,0,0,0,12212,5160,42818,8610,21812,7766,7848,2202,0,220,7824,3275,38689,7671,13879,957,0,0,171,107,10,27
2007," 25~29歲"," 女",176144,0,176108,0,0,0,6112,3611,52689,7690,32271,6030,7922,1820,0,100,7174,1959,34298,4278,8301,677,0,0,768,381,27,36
2007," 30~34歲"," 計",331334,0,331238,0,0,0,18713,5625,71232,5261,51049,5222,26412,1692,0,132,27549,4090,75087,6121,29346,2018,0,0,1018,628,43,96
2007," 30~34歲"," 男",165874,0,165834,0,0,0,11843,3177,32870,2643,22370,2752,13652,1107,0,93,14327,2680,35422,3974,17279,1106,0,0,254,273,12,40
2007," 30~34歲"," 女",165460,0,165404,0,0,0,6870,2448,38362,2618,28679,2470,12760,585,0,39,13222,1410,39665,2147,12067,912,0,0,764,355,31,56
2007," 35~39歲"," 計",317530,0,317421,0,0,0,16133,3526,48712,3044,34915,2744,29414,1282,0,86,35978,4194,84035,5543,43159,2400,0,0,1643,558,55,109
2007," 35~39歲"," 男",157389,0,157346,0,0,0,10379,2129,22847,1319,16411,1287,15417,834,0,69,17496,2524,37974,3309,23204,1313,0,0,565,249,20,43
2007," 35~39歲"," 女",160141,0,160075,0,0,0,5754,1397,25865,1725,18504,1457,13997,448,0,17,18482,1670,46061,2234,19955,1087,0,0,1078,309,35,66
2007," 40~44歲"," 計",325864,0,325698,0,0,0,11778,2148,37069,2653,21946,1781,28551,1292,0,75,36758,4659,87343,6194,75048,2809,9,0,4942,567,76,166
2007," 40~44歲"," 男",157361,0,157308,0,0,0,7972,1313,18193,1003,11298,769,15844,801,0,43,17694,2592,37173,3414,35745,1567,3,0,1574,274,36,53
2007," 40~44歲"," 女",168503,0,168390,0,0,0,3806,835,18876,1650,10648,1012,12707,491,0,32,19064,2067,50170,2780,39303,1242,6,0,3368,293,40,113
2007," 45~49歲"," 計",327597,0,327124,0,0,0,7284,1206,30023,2109,13734,1234,23386,1233,0,52,33617,4864,75424,6359,108191,3478,72,23,13600,1060,175,473
2007," 45~49歲"," 男",157204,0,157095,0,0,0,5222,740,16302,932,7367,565,14039,762,0,39,17549,2813,32306,3358,48772,1810,25,9,4090,346,49,109
2007," 45~49歲"," 女",170393,0,170029,0,0,0,2062,466,13721,1177,6367,669,9347,471,0,13,16068,2051,43118,3001,59419,1668,47,14,9510,714,126,364
2007," 50~54歲"," 計",295417,0,293994,0,0,0,4750,623,24056,1725,8839,775,17706,877,0,44,28314,3519,53103,3945,68406,6114,1013,310,65383,4074,418,1423
2007," 50~54歲"," 男",141740,0,141579,0,0,0,3546,421,14129,881,5067,381,11156,577,0,30,16160,2084,23810,2049,31264,3195,395,159,24964,1240,71,161
2007," 50~54歲"," 女",153677,0,152415,0,0,0,1204,202,9927,844,3772,394,6550,300,0,14,12154,1435,29293,1896,37142,2919,618,151,40419,2834,347,1262
2007," 55~59歲"," 計",223821,0,221287,0,0,0,2907,301,17950,1153,5535,420,10024,461,0,21,18354,2016,25749,1818,28713,5622,1675,565,91538,5801,664,2534
2007," 55~59歲"," 男",108286,0,108034,0,0,0,2264,231,11335,656,3250,230,6473,306,0,16,10663,1162,12528,988,14300,3252,772,313,37485,1699,111,252
2007," 55~59歲"," 女",115535,0,113253,0,0,0,643,70,6615,497,2285,190,3551,155,0,5,7691,854,13221,830,14413,2370,903,252,54053,4102,553,2282
2007," 60~64歲"," 計",120019,0,116664,0,0,0,1258,93,8661,507,2750,186,2513,111,0,5,8650,960,9865,775,15624,2803,1110,306,55204,4369,914,3355
2007," 60~64歲"," 男",58400,0,58075,0,0,0,1019,69,6013,302,1655,109,1647,75,0,3,4888,562,6115,449,7822,1727,610,201,23315,1326,168,325
2007," 60~64歲"," 女",61619,0,58589,0,0,0,239,24,2648,205,1095,77,866,36,0,2,3762,398,3750,326,7802,1076,500,105,31889,3043,746,3030
2007," 65歲以上"," 計",285770,0,247946,0,0,0,1248,73,14605,897,4266,256,4925,107,0,7,18711,1758,10593,889,27627,4152,2158,464,129024,17568,8618,37824
2007," 65歲以上"," 男",142072,0,136132,0,0,0,1109,62,12318,672,3056,185,3929,71,0,5,12435,1260,8269,650,15990,2606,1434,299,60899,7299,3584,5940
2007," 65歲以上"," 女",143698,0,111814,0,0,0,139,11,2287,225,1210,71,996,36,0,2,6276,498,2324,239,11637,1546,724,165,68125,10269,5034,31884
2008," 15歲以上總人口"," 計",3205041,0,3161220,0,0,0,93097,32510,432946,168572,216074,45506,166916,11413,0,16163,248549,102336,559616,152757,448457,53930,5976,1644,358204,36015,10539,43821
2008," 15歲以上總人口"," 男",1586343,0,1579836,0,0,0,62161,19362,214066,85389,99986,25058,92448,6897,0,7141,132274,55066,267254,87400,225199,29487,3161,972,149548,13137,3830,6507
2008," 15歲以上總人口"," 女",1618698,0,1581384,0,0,0,30936,13148,218880,83183,116088,20448,74468,4516,0,9022,116275,47270,292362,65357,223258,24443,2815,672,208656,22878,6709,37314
2008," 15~19歲"," 計",274823,0,274801,0,0,0,0,0,0,42067,0,3120,0,114,0,11255,9328,64952,14714,86506,20561,20009,0,0,890,1283,2,22
2008," 15~19歲"," 男",143707,0,143704,0,0,0,0,0,0,20765,0,1613,0,39,0,4272,4995,32749,8041,48215,11535,10519,0,0,300,661,0,3
2008," 15~19歲"," 女",131116,0,131097,0,0,0,0,0,0,21302,0,1507,0,75,0,6983,4333,32203,6673,38291,9026,9490,0,0,590,622,2,19
2008," 20~24歲"," 計",284180,0,284166,0,0,0,1401,7719,52971,89836,13232,13744,8170,308,0,3968,15177,4541,42132,18783,9313,2482,0,0,131,253,5,14
2008," 20~24歲"," 男",145835,0,145828,0,0,0,957,4742,23005,46063,5786,8011,2914,175,0,2228,8259,2559,22650,11169,5735,1397,0,0,40,137,1,7
2008," 20~24歲"," 女",138345,0,138338,0,0,0,444,2977,29966,43773,7446,5733,5256,133,0,1740,6918,1982,19482,7614,3578,1085,0,0,91,116,4,7
2008," 25~29歲"," 計",354971,0,354918,0,0,0,19706,9358,105322,17164,48080,14378,13016,3383,0,489,12393,6181,67836,14289,20156,1616,0,0,1050,469,32,53
2008," 25~29歲"," 男",179822,0,179795,0,0,0,13047,5485,47312,9242,19278,8224,6168,1877,0,335,6422,3720,36273,8813,12439,906,0,0,159,87,8,27
2008," 25~29歲"," 女",175149,0,175123,0,0,0,6659,3873,58010,7922,28802,6154,6848,1506,0,154,5971,2461,31563,5476,7717,710,0,0,891,382,24,26
2008," 30~34歲"," 計",344340,0,344245,0,0,0,20879,6360,79573,6601,54179,6095,24145,2062,0,122,26092,4080,75200,6764,28159,2078,0,0,1133,681,42,95
2008," 30~34歲"," 男",172225,0,172193,0,0,0,13098,3561,36516,3265,23126,3273,12477,1274,0,75,13694,2699,36343,4415,16749,1121,0,0,246,251,10,32
2008," 30~34歲"," 女",172115,0,172052,0,0,0,7781,2799,43057,3336,31053,2822,11668,788,0,47,12398,1381,38857,2349,11410,957,0,0,887,430,32,63
2008," 35~39歲"," 計",317779,0,317672,0,0,0,17587,3928,53139,3133,37732,2995,29056,1218,0,94,34298,4169,81261,5454,39153,2349,0,0,1454,598,54,107
2008," 35~39歲"," 男",158144,0,158093,0,0,0,11239,2353,25013,1410,17390,1472,15130,786,0,79,16748,2556,37008,3353,21540,1270,0,0,468,259,19,51
2008," 35~39歲"," 女",159635,0,159579,0,0,0,6348,1575,28126,1723,20342,1523,13926,432,0,15,17550,1613,44253,2101,17613,1079,0,0,986,339,35,56
2008," 40~44歲"," 計",321590,0,321449,0,0,0,13289,2453,38946,2775,23919,1952,28604,1294,0,79,36978,4407,87082,6019,66307,2725,3,0,3972,576,69,141
2008," 40~44歲"," 男",155543,0,155498,0,0,0,8793,1475,18624,1043,12202,843,15668,799,0,45,17601,2431,37460,3364,32029,1525,1,0,1299,267,29,45
2008," 40~44歲"," 女",166047,0,165951,0,0,0,4496,978,20322,1732,11717,1109,12936,495,0,34,19377,1976,49622,2655,34278,1200,2,0,2673,309,40,96
2008," 45~49歲"," 計",332028,0,331667,0,0,0,8441,1380,31967,2315,15326,1385,24710,1296,0,67,34717,4978,78779,6477,103856,3432,56,16,11432,881,156,361
2008," 45~49歲"," 男",158965,0,158867,0,0,0,5940,838,16966,967,8054,628,14449,797,0,49,17750,2825,33319,3396,47307,1812,16,6,3378,320,50,98
2008," 45~49歲"," 女",173063,0,172800,0,0,0,2501,542,15001,1348,7272,757,10261,499,0,18,16967,2153,45460,3081,56549,1620,40,10,8054,561,106,263
2008," 50~54歲"," 計",303973,0,302788,0,0,0,5348,727,25497,1881,9591,882,18771,945,0,45,29888,3885,58766,4483,83222,5551,717,198,48874,3164,353,1185
2008," 50~54歲"," 男",145191,0,145042,0,0,0,3933,470,14683,922,5383,428,11756,640,0,28,16778,2316,26009,2355,37282,2812,272,91,17869,952,63,149
2008," 50~54歲"," 女",158782,0,157746,0,0,0,1415,257,10814,959,4208,454,7015,305,0,17,13110,1569,32757,2128,45940,2739,445,107,31005,2212,290,1036
2008," 55~59歲"," 計",244090,0,241758,0,0,0,3417,377,19809,1225,6258,472,12087,537,0,26,20546,2220,30581,2158,31233,6057,1706,588,95839,5996,626,2332
2008," 55~59歲"," 男",117405,0,117175,0,0,0,2626,273,12129,660,3650,246,7751,338,0,19,11889,1276,14416,1120,15488,3415,762,326,38935,1756,100,230
2008," 55~59歲"," 女",126685,0,124583,0,0,0,791,104,7680,565,2608,226,4336,199,0,7,8657,944,16165,1038,15745,2642,944,262,56904,4240,526,2102
2008," 60~64歲"," 計",129775,0,126952,0,0,0,1554,116,10192,617,3131,203,3300,139,0,9,9725,1055,11486,842,16955,3117,1189,342,57931,4294,755,2823
2008," 60~64歲"," 男",62986,0,62727,0,0,0,1239,90,6912,346,1875,126,2148,95,0,5,5486,620,6732,500,8413,1909,623,225,23982,1266,135,259
2008," 60~64歲"," 女",66789,0,64225,0,0,0,315,26,3280,271,1256,77,1152,44,0,4,4239,435,4754,342,8542,1208,566,117,33949,3028,620,2564
2008," 65歲以上"," 計",297492,0,260804,0,0,0,1475,92,15530,958,4626,280,5057,117,0,9,19407,1868,11779,982,29542,4514,2305,500,135498,17820,8445,36688
2008," 65歲以上"," 男",146520,0,140914,0,0,0,1289,75,12906,706,3242,194,3987,77,0,6,12652,1315,9003,700,16682,2801,1487,324,62872,7181,3415,5606
2008," 65歲以上"," 女",150972,0,119890,0,0,0,186,17,2624,252,1384,86,1070,40,0,3,6755,553,2776,282,12860,1713,818,176,72626,10639,5030,31082
2009," 15歲以上總人口"," 計",3261643,0,3219801,0,0,0,103139,35083,474074,179089,216824,43397,165498,11221,0,16347,249269,100848,566159,157350,442422,51955,5975,1607,353306,36090,10148,41842
2009," 15歲以上總人口"," 男",1609203,0,1603134,0,0,0,68373,20873,231868,91330,100456,23846,91498,6783,0,6912,131656,54138,270451,90049,220460,28087,3126,954,145802,12875,3597,6069
2009," 15歲以上總人口"," 女",1652440,0,1616667,0,0,0,34766,14210,242206,87759,116368,19551,74000,4438,0,9435,117613,46710,295708,67301,221962,23868,2849,653,207504,23215,6551,35773
2009," 15~19歲"," 計",275386,0,275370,0,0,0,0,0,0,47578,0,2585,0,113,0,11827,9250,63350,17942,89026,14760,17258,0,0,246,1434,1,16
2009," 15~19歲"," 男",143979,0,143970,0,0,0,0,0,0,24248,0,1360,0,40,0,4297,4867,31928,9556,49535,8320,8957,0,0,115,747,0,9
2009," 15~19歲"," 女",131407,0,131400,0,0,0,0,0,0,23330,0,1225,0,73,0,7530,4383,31422,8386,39491,6440,8301,0,0,131,687,1,7
2009," 20~24歲"," 計",275951,0,275946,0,0,0,1386,7280,58830,92687,10272,10831,6904,175,0,3318,13981,3212,38786,17056,8073,2664,0,0,134,354,3,5
2009," 20~24歲"," 男",141699,0,141696,0,0,0,899,4426,25630,47460,4757,6239,2489,93,0,1814,7846,1800,21199,10352,5000,1476,0,0,37,178,1,3
2009," 20~24歲"," 女",134252,0,134250,0,0,0,487,2854,33200,45227,5515,4592,4415,82,0,1504,6135,1412,17587,6704,3073,1188,0,0,97,176,2,2
2009," 25~29歲"," 計",347696,0,347652,0,0,0,21144,9995,115700,16966,40245,13945,10505,2568,0,711,10868,6865,60557,16230,18025,1671,0,0,1129,498,30,44
2009," 25~29歲"," 男",175930,0,175908,0,0,0,14008,5929,52014,9238,16348,8184,4775,1399,0,468,5672,3993,32348,9707,10746,862,0,0,132,79,6,22
2009," 25~29歲"," 女",171766,0,171744,0,0,0,7136,4066,63686,7728,23897,5761,5730,1169,0,243,5196,2872,28209,6523,7279,809,0,0,997,419,24,22
2009," 30~34歲"," 計",361054,0,360953,0,0,0,23366,7224,88896,8208,56718,7173,21967,2566,0,131,24309,4180,76392,7632,27791,2176,0,0,1409,773,42,101
2009," 30~34歲"," 男",179648,0,179614,0,0,0,14622,4104,40436,4055,23731,3869,11146,1557,0,84,12515,2732,37722,5077,16361,1137,0,0,239,218,9,34
2009," 30~34歲"," 女",181406,0,181339,0,0,0,8744,3120,48460,4153,32987,3304,10821,1009,0,47,11794,1448,38670,2555,11430,1039,0,0,1170,555,33,67
2009," 35~39歲"," 計",318907,0,318794,0,0,0,19000,4539,58395,3256,40401,3193,28202,1257,0,104,32663,4094,77993,5402,35804,2259,1,0,1475,702,54,113
2009," 35~39歲"," 男",158587,0,158540,0,0,0,12023,2690,27453,1443,18444,1569,14735,830,0,80,15873,2523,35790,3382,19823,1195,0,0,408,263,16,47
2009," 35~39歲"," 女",160320,0,160254,0,0,0,6977,1849,30942,1813,21957,1624,13467,427,0,24,16790,1571,42203,2020,15981,1064,1,0,1067,439,38,66
2009," 40~44歲"," 計",320110,0,319964,0,0,0,14751,2842,41041,2867,26131,2082,28637,1234,0,77,37209,4402,86614,5958,59327,2732,0,0,3332,656,72,146
2009," 40~44歲"," 男",154981,0,154934,0,0,0,9684,1657,19120,1126,12958,903,15410,765,0,48,17663,2457,37797,3352,29117,1516,0,0,1048,288,25,47
2009," 40~44歲"," 女",165129,0,165030,0,0,0,5067,1185,21921,1741,13173,1179,13227,469,0,29,19546,1945,48817,2606,30210,1216,0,0,2284,368,47,99
2009," 45~49歲"," 計",333039,0,332771,0,0,0,9694,1680,33935,2451,16900,1534,25911,1357,0,78,35500,4890,81361,6421,97225,3353,41,12,9508,804,116,268
2009," 45~49歲"," 男",159086,0,159019,0,0,0,6665,1040,17496,977,8785,646,14902,808,0,53,17671,2714,34150,3372,44806,1793,14,4,2806,281,36,67
2009," 45~49歲"," 女",173953,0,173752,0,0,0,3029,640,16439,1474,8115,888,11009,549,0,25,17829,2176,47211,3049,52419,1560,27,8,6702,523,80,201
2009," 50~54歲"," 計",311831,0,310873,0,0,0,6138,867,26829,1965,10417,964,20014,1016,0,48,31134,4187,63955,5048,97308,4940,403,111,32849,2369,311,958
2009," 50~54歲"," 男",148455,0,148304,0,0,0,4421,538,15097,921,5734,443,12389,683,0,31,17107,2487,28078,2671,43018,2499,127,46,11241,712,61,151
2009," 50~54歲"," 女",163376,0,162569,0,0,0,1717,329,11732,1044,4683,521,7625,333,0,17,14027,1700,35877,2377,54290,2441,276,65,21608,1657,250,807
2009," 55~59歲"," 計",260109,0,257994,0,0,0,3937,402,21419,1331,7011,539,13601,604,0,32,22567,2472,35664,2477,33444,6401,1748,565,97312,5888,580,2115
2009," 55~59歲"," 男",124187,0,123988,0,0,0,2995,293,12818,694,4084,274,8643,386,0,24,12939,1433,16391,1255,16404,3479,770,290,38997,1729,90,199
2009," 55~59歲"," 女",135922,0,134006,0,0,0,942,109,8601,637,2927,265,4958,218,0,8,9628,1039,19273,1222,17040,2922,978,275,58315,4159,490,1916
2009," 60~64歲"," 計",146206,0,143680,0,0,0,1944,149,12260,775,3647,235,4520,204,0,12,11408,1232,13600,1012,18934,3579,1241,376,63334,4536,682,2526
2009," 60~64歲"," 男",70579,0,70342,0,0,0,1529,111,8080,442,2152,142,2950,134,0,7,6469,714,7487,596,9317,2134,621,257,25773,1311,116,237
2009," 60~64歲"," 女",75627,0,73338,0,0,0,415,38,4180,333,1495,93,1570,70,0,5,4939,518,6113,416,9617,1445,620,119,37561,3225,566,2289
2009," 65歲以上"," 計",311354,0,275804,0,0,0,1779,105,16769,1005,5082,316,5237,127,0,9,20380,1964,13295,1088,31731,4922,2541,543,142578,18076,8257,35550
2009," 65歲以上"," 男",152072,0,146819,0,0,0,1527,85,13724,726,3463,217,4059,88,0,6,13034,1357,9933,750,17548,3039,1594,357,65006,7069,3237,5253
2009," 65歲以上"," 女",159282,0,128985,0,0,0,252,20,3045,279,1619,99,1178,39,0,3,7346,607,3362,338,14183,1883,947,186,77572,11007,5020,30297
2010," 15歲以上總人口"," 計",3311098,0,3271098,0,0,0,113092,37226,508562,193072,216581,41939,164243,11041,0,16726,247308,101682,567567,158804,439096,51820,5931,1584,348958,36087,9779,40000
2010," 15歲以上總人口"," 男",1630325,0,1624706,0,0,0,74320,22071,247068,99126,100576,23059,90657,6684,0,6831,129815,54424,271203,90951,217621,27770,3059,933,142477,12675,3386,5619
2010," 15歲以上總人口"," 女",1680773,0,1646392,0,0,0,38772,15155,261494,93946,116005,18880,73586,4357,0,9895,117493,47258,296364,67853,221475,24050,2872,651,206481,23412,6393,34381
2010," 15~19歲"," 計",271405,0,271385,0,0,0,0,0,0,55580,0,2437,0,139,0,12176,4178,63975,13378,88573,12040,16916,0,0,218,1774,1,20
2010," 15~19歲"," 男",141356,0,141345,0,0,0,0,0,0,28233,0,1374,0,54,0,4228,2217,32194,7224,49214,6838,8754,0,0,113,901,1,11
2010," 15~19歲"," 女",130049,0,130040,0,0,0,0,0,0,27347,0,1063,0,85,0,7948,1961,31781,6154,39359,5202,8162,0,0,105,873,0,9
2010," 20~24歲"," 計",276372,0,276365,0,0,0,1494,7291,61108,96667,8463,8720,6068,116,0,2986,15783,2806,38644,16189,7428,2199,0,0,94,306,3,7
2010," 20~24歲"," 男",142746,0,142741,0,0,0,933,4469,26907,50004,4101,4931,2139,71,0,1558,8798,1591,21195,9920,4695,1239,0,0,34,154,2,5
2010," 20~24歲"," 女",133626,0,133624,0,0,0,561,2822,34201,46663,4362,3789,3929,45,0,1428,6985,1215,17449,6269,2733,960,0,0,60,152,1,2
2010," 25~29歲"," 計",335910,0,335877,0,0,0,22806,9950,124577,16534,32818,12903,8681,1647,0,1026,9750,6611,52654,17055,15450,1835,0,0,1091,466,23,33
2010," 25~29歲"," 男",169932,0,169918,0,0,0,14975,5799,55803,9319,13622,7778,3733,898,0,675,5126,3800,28235,10066,9004,894,0,0,111,76,4,14
2010," 25~29歲"," 女",165978,0,165959,0,0,0,7831,4151,68774,7215,19196,5125,4948,749,0,351,4624,2811,24419,6989,6446,941,0,0,980,390,19,19
2010," 30~34歲"," 計",369383,0,369294,0,0,0,25555,7640,96280,9779,56207,8238,19328,3101,0,150,21558,4297,76922,8551,27035,2170,0,0,1612,833,38,89
2010," 30~34歲"," 男",184252,0,184224,0,0,0,15978,4389,43822,4872,23268,4430,9769,1797,0,102,10838,2729,39053,5723,15876,1126,0,0,243,201,8,28
2010," 30~34歲"," 女",185131,0,185070,0,0,0,9577,3251,52458,4907,32939,3808,9559,1304,0,48,10720,1568,37869,2828,11159,1044,0,0,1369,632,30,61
2010," 35~39歲"," 計",319068,0,318961,0,0,0,20182,5135,63202,3451,42926,3444,26963,1270,0,106,30641,3971,74757,5457,32933,2212,0,0,1533,720,58,107
2010," 35~39歲"," 男",158294,0,158245,0,0,0,12682,2994,29608,1594,19298,1713,14041,847,0,75,15006,2484,34378,3458,18281,1147,0,0,369,256,14,49
2010," 35~39歲"," 女",160774,0,160716,0,0,0,7500,2141,33594,1857,23628,1731,12922,423,0,31,15635,1487,40379,1999,14652,1065,0,0,1164,464,44,58
2010," 40~44歲"," 計",319746,0,319590,0,0,0,16111,3383,43766,2991,28588,2256,28212,1256,0,79,37660,4378,85871,5786,52875,2776,0,0,2816,707,79,156
2010," 40~44歲"," 男",155414,0,155366,0,0,0,10458,1980,20101,1181,13870,982,15076,793,0,55,17903,2502,38009,3338,26436,1498,0,0,875,281,28,48
2010," 40~44歲"," 女",164332,0,164224,0,0,0,5653,1403,23665,1810,14718,1274,13136,463,0,24,19757,1876,47862,2448,26439,1278,0,0,1941,426,51,108
2010," 45~49歲"," 計",333467,0,333249,0,0,0,10981,1973,35489,2522,18554,1655,27219,1324,0,94,36062,4886,83966,6390,90121,3192,21,7,7940,766,87,218
2010," 45~49歲"," 男",158818,0,158764,0,0,0,7351,1201,17772,963,9518,704,15356,786,0,62,17589,2647,35209,3369,41883,1722,8,2,2313,283,26,54
2010," 45~49歲"," 女",174649,0,174485,0,0,0,3630,772,17717,1559,9036,951,11863,538,0,32,18473,2239,48757,3021,48238,1470,13,5,5627,483,61,164
2010," 50~54歲"," 計",316856,0,316087,0,0,0,6890,1063,28306,2101,11336,1057,20877,1070,0,43,32052,4406,68138,5472,106635,4190,169,49,20270,1687,276,769
2010," 50~54歲"," 男",150351,0,150213,0,0,0,4881,657,15527,942,6152,453,12766,703,0,30,17209,2581,29509,2897,46849,2094,43,20,6324,523,53,138
2010," 50~54歲"," 女",166505,0,165874,0,0,0,2009,406,12779,1159,5184,604,8111,367,0,13,14843,1825,38629,2575,59786,2096,126,29,13946,1164,223,631
2010," 55~59歲"," 計",277190,0,275293,0,0,0,4524,483,23153,1488,7841,597,15311,706,0,40,24980,2819,41681,2896,39176,6803,1671,535,94356,5713,520,1897
2010," 55~59歲"," 男",131946,0,131765,0,0,0,3386,344,13701,763,4527,298,9670,463,0,31,14215,1657,18861,1461,18941,3613,696,274,37128,1649,87,181
2010," 55~59歲"," 女",145244,0,143528,0,0,0,1138,139,9452,725,3314,299,5641,243,0,9,10765,1162,22820,1435,20235,3190,975,261,57228,4064,433,1716
2010," 60~64歲"," 計",169368,0,166925,0,0,0,2448,185,14602,880,4349,291,6064,263,0,16,13447,1449,16871,1228,21742,4202,1423,430,71507,4874,654,2443
2010," 60~64歲"," 男",81242,0,81016,0,0,0,1894,137,9305,485,2538,169,3919,168,0,8,7627,829,8794,690,10648,2468,699,270,28879,1386,103,226
2010," 60~64歲"," 女",88126,0,85909,0,0,0,554,48,5297,395,1811,122,2145,95,0,8,5820,620,8077,538,11094,1734,724,160,42628,3488,551,2217
2010," 65歲以上"," 計",322333,0,288072,0,0,0,2101,123,18079,1079,5499,341,5520,149,0,10,21197,2084,14685,1207,33661,5325,2647,563,147521,18241,8040,34261
2010," 65歲以上"," 男",155974,0,151109,0,0,0,1782,101,14522,770,3682,227,4188,104,0,7,13287,1410,10736,815,18170,3215,1613,367,66088,6965,3060,4865
2010," 65歲以上"," 女",166359,0,136963,0,0,0,319,22,3557,309,1817,114,1332,45,0,3,7910,674,3949,392,15491,2110,1034,196,81433,11276,4980,29396
2011," 15歲以上總人口"," 計",3349567,0,3311499,0,0,0,122708,41776,537196,205145,215296,41577,162511,10853,0,17147,245077,103449,567413,158545,435551,51624,5832,1545,343236,35710,9308,38068
2011," 15歲以上總人口"," 男",1644375,0,1639183,0,0,0,79725,24875,258765,106512,99583,23005,89218,6555,0,6817,127632,55005,270483,90973,214526,27589,2972,905,138562,12332,3149,5192
2011," 15歲以上總人口"," 女",1705192,0,1672316,0,0,0,42983,16901,278431,98633,115713,18572,73293,4298,0,10330,117445,48444,296930,67572,221025,24035,2860,640,204674,23378,6159,32876
2011," 15~19歲"," 計",269741,0,269720,0,0,0,0,0,0,61082,0,2625,0,119,0,12432,2955,65529,9662,86787,9664,16711,0,0,228,1916,10,21
2011," 15~19歲"," 男",140182,0,140171,0,0,0,0,0,0,31249,0,1485,0,38,0,4162,1604,32817,5182,48300,5470,8729,0,0,148,981,6,11
2011," 15~19歲"," 女",129559,0,129549,0,0,0,0,0,0,29833,0,1140,0,81,0,8270,1351,32712,4480,38487,4194,7982,0,0,80,935,4,10
2011," 20~24歲"," 計",280268,0,280259,0,0,0,1669,9960,64604,101481,6874,7426,5343,131,0,2748,14355,2646,38487,15448,6946,1818,0,0,58,261,4,9
2011," 20~24歲"," 男",145530,0,145523,0,0,0,1091,6311,28372,53376,3301,4262,1754,63,0,1348,7782,1494,21230,9500,4445,1030,0,0,27,134,3,7
2011," 20~24歲"," 女",134738,0,134736,0,0,0,578,3649,36232,48105,3573,3164,3589,68,0,1400,6573,1152,17257,5948,2501,788,0,0,31,127,1,2
2011," 25~29歲"," 計",315599,0,315569,0,0,0,23310,9602,127162,16039,25571,11242,7283,824,0,1355,8595,5922,44844,17058,13354,1997,0,0,979,415,17,30
2011," 25~29歲"," 男",159395,0,159382,0,0,0,15074,5504,56807,9172,10932,6918,2904,483,0,887,4549,3356,23927,10102,7599,995,0,0,95,76,2,13
2011," 25~29歲"," 女",156204,0,156187,0,0,0,8236,4098,70355,6867,14639,4324,4379,341,0,468,4046,2566,20917,6956,5755,1002,0,0,884,339,15,17
2011," 30~34歲"," 計",365721,0,365644,0,0,0,26899,7710,101251,10811,53077,9532,15956,3426,0,205,18586,4588,74113,9573,25179,2096,0,0,1753,855,34,77
2011," 30~34歲"," 男",181750,0,181728,0,0,0,16806,4450,45664,5453,21553,5200,7975,1902,0,140,9127,2820,38276,6309,14601,1068,0,0,214,161,9,22
2011," 30~34歲"," 女",183971,0,183916,0,0,0,10093,3260,55587,5358,31524,4332,7981,1524,0,65,9459,1768,35837,3264,10578,1028,0,0,1539,694,25,55
2011," 35~39歲"," 計",329334,0,329227,0,0,0,22364,6045,69806,4037,46181,3943,25869,1409,0,103,29342,4055,74083,5736,31535,2251,0,0,1629,782,57,107
2011," 35~39歲"," 男",162795,0,162748,0,0,0,13775,3542,32380,1967,20492,2017,13314,942,0,73,14352,2566,34354,3650,17563,1137,0,0,345,269,10,47
2011," 35~39歲"," 女",166539,0,166479,0,0,0,8589,2503,37426,2070,25689,1926,12555,467,0,30,14990,1489,39729,2086,13972,1114,0,0,1284,513,47,60
2011," 40~44歲"," 計",317079,0,316934,0,0,0,17347,3955,46181,3030,31248,2482,27751,1211,0,88,37031,4244,84043,5577,46894,2669,0,0,2405,703,75,145
2011," 40~44歲"," 男",154798,0,154748,0,0,0,11043,2264,21189,1223,14755,1093,14662,771,0,65,17693,2472,37760,3247,24095,1418,0,0,709,263,26,50
2011," 40~44歲"," 女",162281,0,162186,0,0,0,6304,1691,24992,1807,16493,1389,13089,440,0,23,19338,1772,46283,2330,22799,1251,0,0,1696,440,49,95
2011," 45~49歲"," 計",332740,0,332531,0,0,0,12480,2298,37040,2687,20233,1771,27664,1291,0,95,36490,4824,86009,6288,82629,3129,13,0,6715,782,93,209
2011," 45~49歲"," 男",157942,0,157896,0,0,0,8252,1353,18021,982,10225,760,15372,773,0,58,17504,2567,36131,3384,38485,1709,4,0,1983,299,34,46
2011," 45~49歲"," 女",174798,0,174635,0,0,0,4228,945,19019,1705,10008,1011,12292,518,0,37,18986,2257,49878,2904,44144,1420,9,0,4732,483,59,163
2011," 50~54歲"," 計",319905,0,319289,0,0,0,7800,1271,29624,2121,12539,1143,21928,1142,0,44,32664,4553,71271,5914,105641,3712,115,31,16213,1347,216,616
2011," 50~54歲"," 男",151410,0,151285,0,0,0,5393,779,15861,915,6679,488,13210,730,0,32,17108,2637,30445,3110,46660,1842,33,11,4898,402,52,125
2011," 50~54歲"," 女",168495,0,168004,0,0,0,2407,492,13763,1206,5860,655,8718,412,0,12,15556,1916,40826,2804,58981,1870,82,20,11315,945,164,491
2011," 55~59歲"," 計",286645,0,285028,0,0,0,5168,564,24529,1631,8488,704,16727,780,0,48,26738,3143,47221,3343,52636,6618,1323,418,79566,4929,454,1617
2011," 55~59歲"," 男",135766,0,135608,0,0,0,3788,389,14241,811,4799,349,10469,518,0,34,15103,1825,21008,1694,24353,3445,520,212,30533,1448,69,158
2011," 55~59歲"," 女",150879,0,149420,0,0,0,1380,175,10288,820,3689,355,6258,262,0,14,11635,1318,26213,1649,28283,3173,803,206,49033,3481,385,1459
2011," 60~64歲"," 計",198056,0,195588,0,0,0,3138,227,17292,1053,5094,356,8083,353,0,18,16037,1738,21254,1501,25236,4941,1613,486,81189,5312,667,2468
2011," 60~64歲"," 男",94423,0,94185,0,0,0,2382,167,10795,576,2934,196,5165,224,0,10,9096,1002,10520,820,12250,2817,762,285,32590,1490,104,238
2011," 60~64歲"," 女",103633,0,101403,0,0,0,756,60,6497,477,2160,160,2918,129,0,8,6941,736,10734,681,12986,2124,851,201,48599,3822,563,2230
2011," 65歲以上"," 計",334479,0,301710,0,0,0,2533,144,19707,1173,5991,353,5907,167,0,11,22284,2207,16426,1320,35837,5682,2768,610,152501,18408,7681,32769
2011," 65歲以上"," 男",160384,0,155909,0,0,0,2121,116,15435,788,3913,237,4393,111,0,8,13714,1449,11650,857,19005,3399,1653,397,67020,6809,2834,4475
2011," 65歲以上"," 女",174095,0,145801,0,0,0,412,28,4272,385,2078,116,1514,56,0,3,8570,758,4776,463,16832,2283,1115,213,85481,11599,4847,28294
2012," 15歲以上總人口"," 計",3385574,0,3349280,0,0,0,132095,45528,566253,217229,215164,41407,162077,10658,0,18118,239673,104119,566182,157169,432625,52553,5746,1515,337271,35022,8876,36294
2012," 15歲以上總人口"," 男",1658148,0,1653284,0,0,0,85012,27338,270676,113287,99150,23075,88412,6463,0,7071,124173,55334,269564,90552,212108,27911,2896,884,134517,11928,2933,4864
2012," 15歲以上總人口"," 女",1727426,0,1695996,0,0,0,47083,18190,295577,103942,116014,18332,73665,4195,0,11047,115500,48785,296618,66617,220517,24642,2850,631,202754,23094,5943,31430
2012," 15~19歲"," 計",267859,0,267829,0,0,0,0,0,0,61998,0,2796,0,86,0,13273,2316,66197,8601,83680,8980,17657,0,0,197,2040,8,30
2012," 15~19歲"," 男",138924,0,138908,0,0,0,0,0,0,31552,0,1613,0,26,0,4297,1317,33276,4717,46788,4924,9225,0,0,113,1054,6,16
2012," 15~19歲"," 女",128935,0,128921,0,0,0,0,0,0,30446,0,1183,0,60,0,8976,999,32921,3884,36892,4056,8432,0,0,84,986,2,14
2012," 20~24歲"," 計",281913,0,281905,0,0,0,1799,12064,66562,110353,6035,6735,5486,110,0,2534,9275,2428,35360,14893,6605,1404,0,0,46,211,5,8
2012," 20~24歲"," 男",146897,0,146890,0,0,0,1151,7806,29059,58571,2907,3897,1584,52,0,1276,5182,1395,19564,9277,4248,788,0,0,24,107,2,7
2012," 20~24歲"," 女",135016,0,135015,0,0,0,648,4258,37503,51782,3128,2838,3902,58,0,1258,4093,1033,15796,5616,2357,616,0,0,22,104,3,1
2012," 25~29歲"," 計",298170,0,298149,0,0,0,23677,9372,129637,15968,19350,9493,6262,294,0,1583,7787,4908,39044,16401,11121,2125,0,0,779,341,7,21
2012," 25~29歲"," 男",150724,0,150717,0,0,0,15131,5430,57886,9199,8552,5950,2310,187,0,988,4236,2701,20817,9736,6352,1100,0,0,70,72,0,7
2012," 25~29歲"," 女",147446,0,147432,0,0,0,8546,3942,71751,6769,10798,3543,3952,107,0,595,3551,2207,18227,6665,4769,1025,0,0,709,269,7,14
2012," 30~34歲"," 計",367141,0,367076,0,0,0,28932,7916,109339,11786,49987,10610,13336,3502,0,289,16090,5118,70648,11281,23427,2061,0,0,1878,842,34,65
2012," 30~34歲"," 男",182258,0,182236,0,0,0,18053,4615,48986,6054,20194,5938,6610,1925,0,202,7612,3070,37032,7235,13362,1002,0,0,204,135,7,22
2012," 30~34歲"," 女",184883,0,184840,0,0,0,10879,3301,60353,5732,29793,4672,6726,1577,0,87,8478,2048,33616,4046,10065,1059,0,0,1674,707,27,43
2012," 35~39歲"," 計",334563,0,334459,0,0,0,23781,6535,74781,4710,48490,4530,23932,1520,0,111,27849,4127,73151,6032,30092,2288,0,0,1672,814,44,104
2012," 35~39歲"," 男",164651,0,164608,0,0,0,14544,3773,34243,2325,20904,2349,12215,1003,0,75,13776,2605,34457,3854,16773,1131,0,0,306,266,9,43
2012," 35~39歲"," 女",169912,0,169851,0,0,0,9237,2762,40538,2385,27586,2181,11717,517,0,36,14073,1522,38694,2178,13319,1157,0,0,1366,548,35,61
2012," 40~44歲"," 計",317363,0,317224,0,0,0,18810,4408,49431,3107,33949,2615,27562,1213,0,100,35849,4224,82076,5478,42819,2601,0,0,2168,743,71,139
2012," 40~44歲"," 男",155045,0,154999,0,0,0,11716,2512,22698,1278,15656,1163,14427,778,0,80,17087,2498,37128,3229,22500,1355,0,0,615,256,23,46
2012," 40~44歲"," 女",162318,0,162225,0,0,0,7094,1896,26733,1829,18293,1452,13135,435,0,20,18762,1726,44948,2249,20319,1246,0,0,1553,487,48,93
2012," 45~49歲"," 計",326037,0,325839,0,0,0,13789,2645,38107,2788,21956,1755,27799,1233,0,81,36546,4601,85968,6144,73103,2998,8,0,5467,763,88,198
2012," 45~49歲"," 男",155019,0,154964,0,0,0,8995,1512,18041,1000,11023,747,15283,754,0,48,17317,2480,36318,3368,34448,1632,2,0,1664,299,33,55
2012," 45~49歲"," 女",171018,0,170875,0,0,0,4794,1133,20066,1788,10933,1008,12516,479,0,33,19229,2121,49650,2776,38655,1366,6,0,3803,464,55,143
2012," 50~54歲"," 計",326420,0,325933,0,0,0,8825,1414,31397,2264,13970,1278,23239,1222,0,62,33562,4719,74427,6169,104239,3616,75,17,14081,1175,182,487
2012," 50~54歲"," 男",154452,0,154345,0,0,0,6036,873,16532,947,7351,563,13732,765,0,46,17163,2679,31502,3226,46475,1867,25,8,4143,366,46,107
2012," 50~54歲"," 女",171968,0,171588,0,0,0,2789,541,14865,1317,6619,715,9507,457,0,16,16399,2040,42925,2943,57764,1749,50,9,9938,809,136,380
2012," 55~59歲"," 計",292340,0,290972,0,0,0,5755,681,25492,1727,8965,779,17766,853,0,49,28171,3419,52430,3834,65777,6023,1015,297,63500,4038,401,1368
2012," 55~59歲"," 男",137783,0,137634,0,0,0,4115,451,14544,835,4992,375,11052,562,0,34,15670,1979,23035,1970,29515,3040,388,146,23681,1185,65,149
2012," 55~59歲"," 女",154557,0,153338,0,0,0,1640,230,10948,892,3973,404,6714,291,0,15,12501,1440,29395,1864,36262,2983,627,151,39819,2853,336,1219
2012," 60~64歲"," 計",220372,0,217999,0,0,0,3634,313,19229,1224,5713,405,10053,434,0,22,18220,2002,25497,1769,27872,5518,1679,539,87642,5596,638,2373
2012," 60~64歲"," 男",104445,0,104219,0,0,0,2739,228,11725,665,3252,216,6386,283,0,16,10330,1143,12023,931,13489,3064,745,299,35001,1584,100,226
2012," 60~64歲"," 女",115927,0,113780,0,0,0,895,85,7504,559,2461,189,3667,151,0,6,7890,859,13474,838,14383,2454,934,240,52641,4012,538,2147
2012," 65歲以上"," 計",353396,0,321895,0,0,0,3093,180,22278,1304,6749,411,6642,191,0,14,24008,2376,18980,1488,38590,6262,2969,662,159841,18459,7398,31501
2012," 65歲以上"," 男",167950,0,163764,0,0,0,2532,138,16962,861,4319,264,4813,128,0,9,14483,1508,12971,938,20022,3707,1736,431,68696,6604,2642,4186
2012," 65歲以上"," 女",185446,0,158131,0,0,0,561,42,5316,443,2430,147,1829,63,0,5,9525,868,6009,550,18568,2555,1233,231,91145,11855,4756,27315
2013," 15歲以上總人口"," 計",3410364,0,3375885,0,9755,5807,132055,41450,596451,226999,214832,40516,161274,10546,0,18798,235821,101451,565676,154832,430733,48421,5620,1481,330645,34314,8408,34479
2013," 15歲以上總人口"," 男",1666115,0,1661622,0,7193,4052,83372,24231,283405,118423,98634,22818,87579,6407,0,7162,121462,53820,269040,89693,210393,25663,2802,852,130438,11482,2701,4493
2013," 15歲以上總人口"," 女",1744249,0,1714263,0,2562,1755,48683,17219,313046,108576,116198,17698,73695,4139,0,11636,114359,47631,296636,65139,220340,22758,2818,629,200207,22832,5707,29986
2013," 15~19歲"," 計",256414,0,256327,0,0,0,0,0,0,60302,2,2518,0,86,0,13803,2047,63351,8668,79664,9975,13637,0,0,210,2059,5,87
2013," 15~19歲"," 男",132696,0,132651,0,0,0,0,0,0,30377,1,1437,0,26,0,4295,1180,31762,4943,44868,5490,7131,0,0,108,1028,5,45
2013," 15~19歲"," 女",123718,0,123676,0,0,0,0,0,0,29925,1,1081,0,60,0,9508,867,31589,3725,34796,4485,6506,0,0,102,1031,0,42
2013," 20~24歲"," 計",278139,0,278132,0,0,99,1815,11885,66436,118560,5261,6001,5237,140,0,2396,5507,2432,30932,14076,6094,1061,0,0,43,153,4,7
2013," 20~24歲"," 男",145371,0,145365,0,0,77,1160,7724,29333,62940,2587,3574,1422,80,0,1161,3133,1389,17332,8809,3942,612,0,0,23,66,1,6
2013," 20~24歲"," 女",132768,0,132767,0,0,22,655,4161,37103,55620,2674,2427,3815,60,0,1235,2374,1043,13600,5267,2152,449,0,0,20,87,3,1
2013," 25~29歲"," 計",290967,0,290951,0,124,1107,24027,8561,134852,17089,14832,8126,5452,211,0,1695,7484,3663,35677,15502,9333,2280,0,0,586,341,9,16
2013," 25~29歲"," 男",147239,0,147234,0,88,794,15275,4839,60160,9968,6765,5105,1910,133,0,1081,4044,1999,19057,9355,5298,1204,0,0,48,109,2,5
2013," 25~29歲"," 女",143728,0,143717,0,36,313,8752,3722,74692,7121,8067,3021,3542,78,0,614,3440,1664,16620,6147,4035,1076,0,0,538,232,7,11
2013," 30~34歲"," 計",359907,0,359855,0,1252,1318,28908,6517,115604,12286,44522,11075,11085,2989,0,438,13473,5881,65408,13214,21206,1963,0,0,1890,794,32,52
2013," 30~34歲"," 男",178288,0,178266,0,911,910,17793,3626,51393,6451,18011,6338,5249,1665,0,306,6294,3427,34545,8186,11923,948,0,0,176,107,7,22
2013," 30~34歲"," 女",181619,0,181589,0,341,408,11115,2891,64211,5835,26511,4737,5836,1324,0,132,7179,2454,30863,5028,9283,1015,0,0,1714,687,25,30
2013," 35~39歲"," 計",343281,0,343177,0,1569,1053,24292,5852,81160,5734,50903,5216,21702,1833,0,109,26250,4150,73006,6608,28769,2308,0,0,1773,854,36,104
2013," 35~39歲"," 男",168594,0,168558,0,1064,730,14660,3180,36730,2818,21378,2800,11136,1149,0,65,13082,2610,35098,4249,16121,1126,0,0,302,255,5,36
2013," 35~39歲"," 女",174687,0,174619,0,505,323,9632,2672,44430,2916,29525,2416,10566,684,0,44,13168,1540,37908,2359,12648,1182,0,0,1471,599,31,68
2013," 40~44歲"," 計",315516,0,315381,0,1315,893,18887,3887,52808,3131,36500,2603,27209,1135,0,103,34147,4189,79005,5378,38941,2496,0,0,1959,732,63,135
2013," 40~44歲"," 男",154560,0,154510,0,853,618,11593,2134,24417,1346,16484,1235,14095,736,0,85,16311,2529,35901,3277,20834,1284,0,0,521,236,21,50
2013," 40~44歲"," 女",160956,0,160871,0,462,275,7294,1753,28391,1785,20016,1368,13114,399,0,18,17836,1660,43104,2101,18107,1212,0,0,1438,496,42,85
2013," 45~49歲"," 計",320950,0,320780,0,1555,681,13860,2385,39619,2843,23778,1827,27696,1231,0,81,36629,4375,85488,5974,64633,2854,4,0,4425,761,81,170
2013," 45~49歲"," 男",152872,0,152828,0,1107,435,8783,1292,18283,1045,11814,792,15052,749,0,50,17161,2382,36519,3304,30796,1558,1,0,1383,297,25,44
2013," 45~49歲"," 女",168078,0,167952,0,448,246,5077,1093,21336,1798,11964,1035,12644,482,0,31,19468,1993,48969,2670,33837,1296,3,0,3042,464,56,126
2013," 50~54歲"," 計",330332,0,329945,0,1399,389,8604,1219,33251,2412,15486,1372,24491,1267,0,75,34551,4830,77552,6328,100102,3523,55,15,11835,1035,154,387
2013," 50~54歲"," 男",155890,0,155791,0,1055,274,5659,696,17139,964,7962,606,14156,785,0,55,17319,2663,32419,3290,45114,1833,15,6,3383,352,46,99
2013," 50~54歲"," 女",174442,0,174154,0,344,115,2945,523,16112,1448,7524,766,10335,482,0,20,17232,2167,45133,3038,54988,1690,40,9,8452,683,108,288
2013," 55~59歲"," 計",299991,0,298846,0,1055,160,5293,648,26713,1866,9683,869,18684,926,0,51,29589,3785,57779,4335,79708,5465,693,197,47821,3192,334,1145
2013," 55~59歲"," 男",140919,0,140787,0,844,126,3648,388,14948,893,5312,412,11551,626,0,31,16199,2208,25141,2257,35101,2710,260,88,17065,915,64,132
2013," 55~59歲"," 女",159072,0,158059,0,211,34,1645,260,11765,973,4371,457,7133,300,0,20,13390,1577,32638,2078,44607,2755,433,109,30756,2277,270,1013
2013," 60~64歲"," 計",239984,0,237801,0,730,70,3448,304,21110,1293,6380,462,12140,499,0,30,20347,2214,30291,2115,30268,5856,1689,555,91658,5756,586,2183
2013," 60~64歲"," 男",113143,0,112936,0,601,58,2515,210,12514,670,3605,231,7647,310,0,22,11487,1239,13833,1064,14605,3186,731,301,36391,1634,82,207
2013," 60~64歲"," 女",126841,0,124865,0,129,12,933,94,8596,623,2775,231,4493,189,0,8,8860,975,16458,1051,15663,2670,958,254,55267,4122,504,1976
2013," 65歲以上"," 計",374883,0,344690,0,756,37,2921,192,24898,1483,7485,447,7578,229,0,17,25797,2581,21870,1638,41704,6978,3179,714,168445,18637,7104,30193
2013," 65歲以上"," 男",176543,0,172696,0,670,30,2286,142,18488,951,4715,288,5361,148,0,11,15252,1612,14252,1034,21169,4071,1795,457,71038,6483,2443,3847
2013," 65歲以上"," 女",198340,0,171994,0,86,7,635,50,6410,532,2770,159,2217,81,0,6,10545,969,7618,604,20535,2907,1384,257,97407,12154,4661,26346
2014," 15歲以上總人口"," 計",3431458,0,3398919,0,10470,6102,140740,41967,625669,231245,213911,39967,160606,10497,0,18975,234334,98642,567276,151402,425889,48900,5513,1456,323732,33667,7959,32539
2014," 15歲以上總人口"," 男",1672804,0,1668678,0,7653,4225,88187,24242,295692,120956,98030,22570,86695,6374,0,7170,119897,52264,269893,88129,207334,25826,2726,839,126323,11180,2473,4126
2014," 15歲以上總人口"," 女",1758654,0,1730241,0,2817,1877,52553,17725,329977,110289,115881,17397,73911,4123,0,11805,114437,46378,297383,63273,218555,23074,2787,617,197409,22487,5486,28413
2014," 15~19歲"," 計",248713,0,248558,0,0,0,0,0,0,59713,0,2133,0,123,0,13611,2075,60338,9518,74979,8959,14444,0,0,321,2341,3,155
2014," 15~19歲"," 男",128863,0,128782,0,0,0,0,0,0,29896,0,1147,0,34,0,4171,1192,30145,5609,42514,5105,7594,0,0,183,1189,3,81
2014," 15~19歲"," 女",119850,0,119776,0,0,0,0,0,0,29817,0,986,0,89,0,9440,883,30193,3909,32465,3854,6850,0,0,138,1152,0,74
2014," 20~24歲"," 計",278165,0,278157,0,0,104,2072,11476,69120,120577,4858,5637,5365,171,0,2604,4411,2511,29364,13452,5513,739,0,0,92,85,6,8
2014," 20~24歲"," 男",145229,0,145223,0,0,79,1400,7396,30572,64231,2509,3391,1332,115,0,1225,2497,1402,16563,8441,3552,429,0,0,52,36,1,6
2014," 20~24歲"," 女",132936,0,132934,0,0,25,672,4080,38548,56346,2349,2246,4033,56,0,1379,1914,1109,12801,5011,1961,310,0,0,40,49,5,2
2014," 25~29歲"," 計",279885,0,279878,0,102,1015,23896,8429,135739,17880,11468,6803,4741,148,0,1626,6804,2639,33223,14281,8012,2275,0,0,447,346,4,7
2014," 25~29歲"," 男",142167,0,142165,0,74,744,15208,4686,60649,10572,5359,4283,1550,87,0,1013,3672,1467,17919,8770,4665,1239,0,0,69,139,0,2
2014," 25~29歲"," 女",137718,0,137713,0,28,271,8688,3743,75090,7308,6109,2520,3191,61,0,613,3132,1172,15304,5511,3347,1036,0,0,378,207,4,5
2014," 30~34歲"," 計",347582,0,347538,0,1193,1358,29895,6461,121078,12346,37582,11190,9053,2239,0,632,11795,6386,58301,14824,18681,1894,0,0,1885,717,28,44
2014," 30~34歲"," 男",172004,0,171985,0,858,928,18304,3561,53740,6652,15326,6598,4133,1222,0,419,5542,3646,30799,8916,10224,870,0,0,157,85,5,19
2014," 30~34歲"," 女",175578,0,175553,0,335,430,11591,2900,67338,5694,22256,4592,4920,1017,0,213,6253,2740,27502,5908,8457,1024,0,0,1728,632,23,25
2014," 35~39歲"," 計",352274,0,352167,0,1787,1101,25982,5995,87682,7076,52513,6084,19644,2303,0,118,24249,4185,73341,7295,27688,2285,0,0,1934,869,36,107
2014," 35~39歲"," 男",172608,0,172568,0,1221,742,15499,3237,39235,3490,21688,3273,9878,1405,0,77,11995,2636,36076,4791,15678,1125,0,0,298,219,5,40
2014," 35~39歲"," 女",179666,0,179599,0,566,359,10483,2758,48447,3586,30825,2811,9766,898,0,41,12254,1549,37265,2504,12010,1160,0,0,1636,650,31,67
2014," 40~44歲"," 計",313504,0,313386,0,1377,963,20245,4203,56869,3137,38791,2772,26285,1166,0,112,32138,4096,75667,5284,35286,2325,0,0,1862,748,60,118
2014," 40~44歲"," 男",153623,0,153576,0,885,667,12242,2281,26378,1371,17278,1366,13644,778,0,83,15272,2498,34556,3269,19120,1168,0,0,469,236,15,47
2014," 40~44歲"," 女",159881,0,159810,0,492,296,8003,1922,30491,1766,21513,1406,12641,388,0,29,16866,1598,41111,2015,16166,1157,0,0,1393,512,45,71
2014," 45~49歲"," 計",318599,0,318429,0,1583,763,15463,2681,41523,2934,25951,1927,27658,1169,0,85,36776,4355,84767,5864,57659,2782,0,0,3665,748,76,170
2014," 45~49歲"," 男",151875,0,151832,0,1103,482,9592,1426,18749,1110,12523,864,14796,718,0,55,17239,2418,36690,3271,27862,1514,0,0,1106,290,24,43
2014," 45~49歲"," 女",166724,0,166597,0,480,281,5871,1255,22774,1824,13428,1063,12862,451,0,30,19537,1937,48077,2593,29797,1268,0,0,2559,458,52,127
2014," 50~54歲"," 計",329967,0,329685,0,1571,456,9870,1395,35009,2507,16878,1452,25517,1305,0,86,35040,4729,79788,6244,93536,3426,41,12,9777,929,117,282
2014," 50~54歲"," 男",155688,0,155621,0,1149,313,6423,812,17645,974,8582,632,14576,784,0,59,17173,2576,33100,3237,42595,1808,12,4,2808,324,35,67
2014," 50~54歲"," 女",174279,0,174064,0,422,143,3447,583,17364,1533,8296,820,10941,521,0,27,17867,2153,46688,3007,50941,1618,29,8,6969,605,82,215
2014," 55~59歲"," 計",307078,0,306145,0,1150,219,6008,739,28002,1993,10445,930,19805,1007,0,43,30735,4095,62658,4879,92942,4866,391,106,32461,2375,296,933
2014," 55~59歲"," 男",143986,0,143847,0,911,170,4048,432,15317,913,5622,431,12101,678,0,28,16547,2374,27039,2558,40491,2426,125,42,10845,689,60,139
2014," 55~59歲"," 女",163092,0,162298,0,239,49,1960,307,12685,1080,4823,499,7704,329,0,15,14188,1721,35619,2321,52451,2440,266,64,21616,1686,236,794
2014," 60~64歲"," 計",255146,0,253142,0,821,74,3794,356,22581,1384,7117,525,13638,573,0,36,22220,2476,35353,2411,32342,6100,1694,547,92922,5643,535,2004
2014," 60~64歲"," 男",119468,0,119284,0,670,59,2747,242,13135,692,4022,260,8513,364,0,27,12461,1390,15788,1195,15433,3201,718,282,36402,1604,79,184
2014," 60~64歲"," 女",135678,0,133858,0,151,15,1047,114,9446,692,3095,265,5125,209,0,9,9759,1086,19565,1216,16909,2899,976,265,56520,4039,456,1820
2014," 65歲以上"," 計",400545,0,371834,0,886,49,3515,232,28066,1698,8308,514,8900,293,0,22,28091,2832,25296,1889,45271,7764,3387,791,178366,18866,6798,28711
2014," 65歲以上"," 男",187293,0,183795,0,782,41,2724,169,20272,1055,5121,325,6172,189,0,13,16307,1712,15754,1167,22609,4452,1871,511,73934,6369,2246,3498
2014," 65歲以上"," 女",213252,0,188039,0,104,8,791,63,7794,643,3187,189,2728,104,0,9,11784,1120,9542,722,22662,3312,1516,280,104432,12497,4552,25213
2015," 15歲以上總人口"," 計",3453632,0,3422878,0,11029,6427,148019,42971,652197,233593,212988,39351,160609,10379,0,19058,233282,98248,569064,149622,421584,49453,5380,1421,317262,33371,7570,30754
2015," 15歲以上總人口"," 男",1682026,0,1678173,0,8026,4394,92117,24718,307845,122466,97608,22357,86115,6303,0,7357,118678,51788,271042,87673,204434,25924,2628,808,122567,11020,2305,3853
2015," 15歲以上總人口"," 女",1771606,0,1744705,0,3003,2033,55902,18253,344352,111127,115380,16994,74494,4076,0,11701,114604,46460,298022,61949,217150,23529,2752,613,194695,22351,5265,26901
2015," 15~19歲"," 計",245277,0,245042,0,0,0,0,0,0,58324,0,1795,0,97,0,13612,2153,59847,9699,71935,8305,15149,0,0,1265,2860,1,235
2015," 15~19歲"," 男",127282,0,127176,0,0,0,0,0,0,29239,0,992,0,28,0,4269,1243,29683,5874,41120,4726,7910,0,0,657,1434,1,106
2015," 15~19歲"," 女",117995,0,117866,0,0,0,0,0,0,29085,0,803,0,69,0,9343,910,30164,3825,30815,3579,7239,0,0,608,1426,0,129
2015," 20~24歲"," 計",274011,0,274003,0,0,97,1679,11105,69145,120226,4601,5183,6095,202,0,2510,3928,2526,27990,12957,4830,715,0,0,92,114,8,8
2015," 20~24歲"," 男",142695,0,142690,0,0,81,1094,7125,30635,63846,2527,3115,1486,121,0,1217,2161,1389,16032,8243,3107,406,0,0,46,56,3,5
2015," 20~24歲"," 女",131316,0,131313,0,0,16,585,3980,38510,56380,2074,2068,4609,81,0,1293,1767,1137,11958,4714,1723,309,0,0,46,58,5,3
2015," 25~29歲"," 計",277081,0,277071,0,94,929,23766,8849,139039,19744,9261,5765,4080,114,0,1457,6471,2285,31966,13522,7236,1911,0,0,297,282,3,10
2015," 25~29歲"," 男",142196,0,142191,0,73,664,15174,4957,62843,11863,4422,3615,1305,73,0,871,3600,1317,17391,8384,4370,1075,0,0,71,123,0,5
2015," 25~29歲"," 女",134885,0,134880,0,21,265,8592,3892,76196,7881,4839,2150,2775,41,0,586,2871,968,14575,5138,2866,836,0,0,226,159,3,5
2015," 30~34歲"," 計",330604,0,330570,0,1140,1407,30383,6316,124733,12279,30681,10692,7589,1441,0,909,10429,6092,50712,15543,15943,1945,0,0,1704,608,24,34
2015," 30~34歲"," 男",164258,0,164245,0,818,953,18544,3444,55482,6830,12742,6550,3270,801,0,611,4920,3449,26920,9264,8554,881,0,0,135,73,4,13
2015," 30~34歲"," 女",166346,0,166325,0,322,454,11839,2872,69251,5449,17939,4142,4319,640,0,298,5509,2643,23792,6279,7389,1064,0,0,1569,535,20,21
2015," 35~39歲"," 計",357206,0,357118,0,1877,1141,27576,6092,93171,8307,52095,7064,17487,2787,0,147,21575,4221,73615,8139,26591,2244,0,0,2048,910,31,88
2015," 35~39歲"," 男",175198,0,175168,0,1301,767,16347,3337,41586,4127,21252,3813,8694,1629,0,98,10366,2604,37140,5402,15115,1106,0,0,285,195,4,30
2015," 35~39歲"," 女",182008,0,181950,0,576,374,11229,2755,51585,4180,30843,3251,8793,1158,0,49,11209,1617,36475,2737,11476,1138,0,0,1763,715,27,58
2015," 40~44歲"," 計",312290,0,312176,0,1482,989,21347,4480,61159,3334,41005,3032,25108,1183,0,106,30080,3985,72485,5307,32295,2199,0,0,1804,736,60,114
2015," 40~44歲"," 男",152574,0,152522,0,959,657,12827,2409,28233,1505,17972,1560,12932,783,0,73,14404,2443,33128,3316,17577,1102,0,0,406,223,13,52
2015," 40~44歲"," 女",159716,0,159654,0,523,332,8520,2071,32926,1829,23033,1472,12176,400,0,33,15676,1542,39357,1991,14718,1097,0,0,1398,513,47,62
2015," 45~49歲"," 計",317320,0,317157,0,1608,875,17086,2931,43930,3095,28377,2086,27272,1176,0,91,36988,4260,83675,5688,51366,2774,0,0,3049,750,80,163
2015," 45~49歲"," 男",151991,0,151947,0,1100,567,10387,1569,19694,1208,13390,943,14438,739,0,63,17380,2423,36764,3234,25326,1489,0,0,928,277,28,44
2015," 45~49歲"," 女",165329,0,165210,0,508,308,6699,1362,24236,1887,14987,1143,12834,437,0,28,19608,1837,46911,2454,26040,1285,0,0,2121,473,52,119
2015," 50~54歲"," 計",329828,0,329614,0,1669,559,11132,1600,36451,2676,18605,1561,26722,1282,0,106,35365,4740,81984,6220,86677,3211,26,9,8080,850,89,214
2015," 50~54歲"," 男",155153,0,155099,0,1186,374,7087,893,17840,983,9315,674,14986,767,0,72,17016,2544,33959,3249,39786,1714,8,2,2305,311,28,54
2015," 50~54歲"," 女",174675,0,174515,0,483,185,4045,707,18611,1693,9290,887,11736,515,0,34,18349,2196,48025,2971,46891,1497,18,7,5775,539,61,160
2015," 55~59歲"," 計",310524,0,309771,0,1261,262,6672,850,29101,2152,11271,1017,20577,1043,0,48,31338,4324,66471,5308,101518,4188,162,39,20212,1695,262,753
2015," 55~59歲"," 男",145171,0,145042,0,983,195,4445,479,15620,933,5985,450,12450,684,0,34,16477,2469,28277,2763,43933,2054,40,16,6182,520,53,129
2015," 55~59歲"," 女",165353,0,164729,0,278,67,2227,371,13481,1219,5286,567,8127,359,0,14,14861,1855,38194,2545,57585,2134,122,23,14030,1175,209,624
2015," 60~64歲"," 計",270316,0,268520,0,890,107,4218,434,24008,1535,7871,564,15094,683,0,45,24475,2795,40889,2809,37629,6492,1569,509,89951,5474,479,1796
2015," 60~64歲"," 男",126357,0,126189,0,730,86,3027,287,13842,773,4441,288,9392,443,0,33,13675,1597,18029,1383,17791,3327,631,258,34555,1522,79,168
2015," 60~64歲"," 女",143959,0,142331,0,160,21,1191,147,10166,762,3430,276,5702,240,0,12,10800,1198,22860,1426,19838,3165,938,251,55396,3952,400,1628
2015," 65歲以上"," 計",429175,0,401836,0,1008,61,4160,314,31460,1921,9221,592,10585,371,0,27,30480,3173,29578,2194,49194,8625,3623,864,188760,19092,6533,27339
2015," 65歲以上"," 男",199151,0,195904,0,876,50,3185,218,22070,1159,5562,357,7162,235,0,16,17436,1870,17528,1315,24149,4860,1949,532,76997,6286,2092,3247
2015," 65歲以上"," 女",230024,0,205932,0,132,11,975,96,9390,762,3659,235,3423,136,0,11,13044,1303,12050,879,25045,3765,1674,332,111763,12806,4441,24092
2016," 15歲以上總人口"," 計",3471785,0,3442945,0,11628,6656,155550,44268,680027,234211,212543,39238,160292,10278,0,19356,232273,99482,570489,148638,416584,46843,5319,1387,308910,31764,7209,28840
2016," 15歲以上總人口"," 男",1688216,0,1684749,0,8406,4559,96152,25265,320068,123163,97428,22274,85534,6234,0,7648,117642,52159,271858,87485,200871,24518,2561,780,117767,10241,2136,3467
2016," 15歲以上總人口"," 女",1783569,0,1758196,0,3222,2097,59398,19003,359959,111048,115115,16964,74758,4044,0,11708,114631,47323,298631,61153,215713,22325,2758,607,191143,21523,5073,25373
2016," 15~19歲"," 計",234604,0,234471,0,0,0,0,0,0,55732,0,1579,0,104,0,13429,1844,60977,8912,69694,6776,12772,0,0,498,2152,2,133
2016," 15~19歲"," 男",121826,0,121761,0,0,0,0,0,0,27987,0,839,0,34,0,4392,1114,30103,5422,39982,3764,6747,0,0,275,1100,2,65
2016," 15~19歲"," 女",112778,0,112710,0,0,0,0,0,0,27745,0,740,0,70,0,9037,730,30874,3490,29712,3012,6025,0,0,223,1052,0,68
2016," 20~24歲"," 計",272488,0,272482,0,0,89,1694,11158,70296,118799,4173,4905,6316,190,0,2834,3788,2564,27501,12797,4413,716,0,0,81,159,9,6
2016," 20~24歲"," 男",141673,0,141670,0,0,71,1072,7092,31048,62939,2365,2942,1544,112,0,1305,2127,1402,16022,8303,2809,383,0,0,42,88,4,3
2016," 20~24歲"," 女",130815,0,130812,0,0,18,622,4066,39248,55860,1808,1963,4772,78,0,1529,1661,1162,11479,4494,1604,333,0,0,39,71,5,3
2016," 25~29歲"," 計",279313,0,279305,0,87,912,23720,9084,144203,22007,7856,5086,3612,104,0,1223,5921,2112,31754,13054,6560,1576,0,0,200,225,9,8
2016," 25~29歲"," 男",144410,0,144405,0,66,665,15297,5037,65736,13484,3821,3166,1083,58,0,717,3266,1224,17505,8126,4086,892,0,0,67,105,4,5
2016," 25~29歲"," 女",134903,0,134900,0,21,247,8423,4047,78467,8523,4035,1920,2529,46,0,506,2655,888,14249,4928,2474,684,0,0,133,120,5,3
2016," 30~34歲"," 計",307673,0,307639,0,1068,1335,29874,6042,124150,12198,24042,9603,6471,744,0,1217,9156,5413,43194,15459,13670,2024,0,0,1455,506,18,34
2016," 30~34歲"," 男",153230,0,153217,0,750,898,18023,3252,55265,6884,10304,6008,2611,446,0,796,4346,3035,22948,9264,7236,968,0,0,112,69,2,13
2016," 30~34歲"," 女",154443,0,154422,0,318,437,11851,2790,68885,5314,13738,3595,3860,298,0,421,4810,2378,20246,6195,6434,1056,0,0,1343,437,16,21
2016," 35~39歲"," 計",353120,0,353047,0,1888,1129,28364,6032,97794,9278,49518,8125,14611,3098,0,195,18677,4483,70990,9011,24664,2137,0,0,2131,889,33,73
2016," 35~39歲"," 男",173041,0,173018,0,1315,766,16758,3326,43434,4640,19897,4481,7215,1734,0,134,8814,2693,36595,5888,13879,1029,0,0,258,156,6,23
2016," 35~39歲"," 女",180079,0,180029,0,573,363,11606,2706,54360,4638,29621,3644,7396,1364,0,61,9863,1790,34395,3123,10785,1108,0,0,1873,733,27,50
2016," 40~44歲"," 計",323168,0,323062,0,1691,1099,23713,4989,68335,3907,44301,3579,24451,1296,0,102,28748,4017,71760,5522,30643,2231,0,0,1837,786,55,106
2016," 40~44歲"," 男",157870,0,157821,0,1102,734,14119,2673,31316,1857,19309,1864,12480,870,0,69,13821,2502,33102,3478,16784,1105,0,0,381,248,7,49
2016," 40~44歲"," 女",165298,0,165241,0,589,365,9594,2316,37019,2050,24992,1715,11971,426,0,33,14927,1515,38658,2044,13859,1126,0,0,1456,538,48,57
2016," 45~49歲"," 計",314882,0,314736,0,1619,936,18502,3234,46542,3230,31035,2252,26860,1155,0,113,36242,4177,81908,5448,45486,2630,0,0,2542,746,79,146
2016," 45~49歲"," 男",151544,0,151497,0,1085,607,11086,1705,20906,1257,14275,1047,14050,727,0,78,17116,2423,36501,3133,23085,1385,0,0,728,274,29,47
2016," 45~49歲"," 女",163338,0,163239,0,534,329,7416,1529,25636,1973,16760,1205,12810,428,0,35,19126,1754,45407,2315,22401,1245,0,0,1814,472,50,99
2016," 50~54歲"," 計",329003,0,328812,0,1748,635,12646,1778,37914,2907,20328,1660,27139,1246,0,101,35968,4679,83825,6098,79380,3112,15,3,6726,810,94,191
2016," 50~54歲"," 男",154233,0,154189,0,1232,422,7897,974,18016,1044,10063,715,14980,757,0,62,16985,2475,34805,3267,36510,1680,4,0,1973,297,31,44
2016," 50~54歲"," 女",174770,0,174623,0,516,213,4749,804,19898,1863,10265,945,12159,489,0,39,18983,2204,49020,2831,42870,1432,11,3,4753,513,63,147
2016," 55~59歲"," 計",312936,0,312351,0,1363,305,7459,1008,30217,2247,12417,1109,21528,1114,0,53,31902,4404,69369,5733,100620,3697,113,25,16114,1351,203,585
2016," 55~59歲"," 男",146070,0,145957,0,1035,227,4898,576,15880,952,6505,484,12879,712,0,37,16391,2472,29135,2940,43798,1814,30,11,4739,397,45,113
2016," 55~59歲"," 女",166866,0,166394,0,328,78,2561,432,14337,1295,5912,625,8649,402,0,16,15511,1932,40234,2793,56822,1883,83,14,11375,954,158,472
2016," 60~64歲"," 計",278689,0,277163,0,988,124,4674,534,25103,1714,8476,668,16482,752,0,55,26131,3093,46012,3250,50233,6362,1266,405,75706,4702,433,1526
2016," 60~64歲"," 男",129691,0,129542,0,807,95,3272,342,14263,834,4704,336,10183,487,0,37,14444,1772,19982,1623,22782,3211,481,202,28297,1322,66,149
2016," 60~64歲"," 女",148998,0,147621,0,181,29,1402,192,10840,880,3772,332,6299,265,0,18,11687,1321,26030,1627,27451,3151,785,203,47409,3380,367,1377
2016," 65歲以上"," 計",465909,0,439877,0,1176,92,4904,409,35473,2192,10397,672,12822,475,0,34,33896,3563,35264,2572,54139,9586,3925,954,201620,19438,6274,26032
2016," 65歲以上"," 男",214628,0,211672,0,1014,74,3730,288,24204,1285,6185,392,8509,297,0,21,19218,2058,19841,1481,26138,5304,2046,567,80895,6185,1940,2956
2016," 65歲以上"," 女",251281,0,228205,0,162,18,1174,121,11269,907,4212,280,4313,178,0,13,14678,1505,15423,1091,28001,4282,1879,387,120725,13253,4334,23076
2017," 15歲以上總人口"," 計",3488534,0,3461581,0,12273,6744,163423,45373,708298,233724,212278,38775,160271,10121,0,18994,231512,99464,570716,144871,412370,47402,5239,1357,301089,30477,6810,26953
2017," 15歲以上總人口"," 男",1694549,0,1691436,0,8846,4599,100564,25711,332784,123376,97227,22094,85083,6139,0,7609,116588,52233,271903,85743,197978,24714,2498,761,113466,9555,1965,3113
2017," 15歲以上總人口"," 女",1793985,0,1770145,0,3427,2145,62859,19662,375514,110348,115051,16681,75188,3982,0,11385,114924,47231,298813,59128,214392,22688,2741,596,187623,20922,4845,23840
2017," 15~19歲"," 計",222080,0,222078,0,0,0,0,0,0,51398,0,1323,0,71,0,12582,1824,60922,7366,64792,6393,13406,0,0,268,1732,1,2
2017," 15~19歲"," 男",115462,0,115461,0,0,0,0,0,0,26049,0,718,0,20,0,4104,996,30206,4410,37347,3503,7107,0,0,160,840,1,1
2017," 15~19歲"," 女",106618,0,106617,0,0,0,0,0,0,25349,0,605,0,51,0,8478,828,30716,2956,27445,2890,6299,0,0,108,892,0,1
2017," 20~24歲"," 計",270348,0,270348,0,0,71,1765,11097,70265,117849,3755,4493,6515,181,0,3181,3812,2625,27032,12671,3962,791,0,0,74,206,3,0
2017," 20~24歲"," 男",140403,0,140403,0,0,55,1142,6927,31196,62030,2140,2604,1581,99,0,1467,2245,1437,16123,8306,2488,411,0,0,37,114,1,0
2017," 20~24歲"," 女",129945,0,129945,0,0,16,623,4170,39069,55819,1615,1889,4934,82,0,1714,1567,1188,10909,4365,1474,380,0,0,37,92,2,0
2017," 25~29歲"," 計",280047,0,280040,0,89,845,23389,9238,148059,24358,6739,4707,3359,97,0,1067,5149,1934,30825,12469,6177,1192,0,0,163,176,8,7
2017," 25~29歲"," 男",145401,0,145396,0,67,635,15040,5187,67726,15142,3389,2958,943,55,0,637,2760,1124,17155,7829,3929,676,0,0,59,83,2,5
2017," 25~29歲"," 女",134646,0,134644,0,22,210,8349,4051,80333,9216,3350,1749,2416,42,0,430,2389,810,13670,4640,2248,516,0,0,104,93,6,2
2017," 30~34歲"," 計",288668,0,288645,0,919,1232,29433,5896,124887,12411,18385,8197,5600,291,0,1400,8232,4462,37665,14775,11272,2068,0,0,1111,402,7,23
2017," 30~34歲"," 男",144569,0,144562,0,652,814,17728,3127,55935,7110,8081,5239,2108,189,0,880,4028,2474,20028,8943,6015,1039,0,0,104,68,0,7
2017," 30~34歲"," 女",144099,0,144083,0,267,418,11705,2769,68952,5301,10304,2958,3492,102,0,520,4204,1988,17637,5832,5257,1029,0,0,1007,334,7,16
2017," 35~39歲"," 計",353800,0,353735,0,1940,1172,30059,6035,105034,10105,46661,9215,12338,3159,0,274,16281,4968,67919,10490,22951,2084,0,0,2193,818,39,65
2017," 35~39歲"," 男",173568,0,173546,0,1346,791,17824,3300,46616,5170,18730,5249,6048,1762,0,194,7396,2925,35480,6696,12696,974,0,0,228,114,7,22
2017," 35~39歲"," 女",180232,0,180189,0,594,381,12235,2735,58418,4935,27931,3966,6290,1397,0,80,8885,2043,32439,3794,10255,1110,0,0,1965,704,32,43
2017," 40~44歲"," 計",329169,0,329069,0,1868,1108,25294,5307,73489,4599,46634,4101,22843,1419,0,116,27408,4036,70828,5746,29214,2276,0,0,1915,821,47,100
2017," 40~44歲"," 男",160654,0,160612,0,1226,742,14886,2845,33367,2221,19983,2183,11552,941,0,80,13365,2529,33267,3660,16015,1116,0,0,373,256,5,42
2017," 40~44歲"," 女",168515,0,168457,0,642,366,10408,2462,40122,2378,26651,1918,11291,478,0,36,14043,1507,37561,2086,13199,1160,0,0,1542,565,42,58
2017," 45~49歲"," 計",315798,0,315655,0,1669,1001,20121,3559,50051,3340,33679,2350,26755,1128,0,116,35172,4138,80165,5309,41436,2556,0,0,2281,759,70,143
2017," 45~49歲"," 男",152201,0,152155,0,1078,653,11954,1876,22473,1341,15195,1104,13890,723,0,84,16541,2431,35987,3101,21506,1317,0,0,623,253,25,46
2017," 45~49歲"," 女",163597,0,163500,0,591,348,8167,1683,27578,1999,18484,1246,12865,405,0,32,18631,1707,44178,2208,19930,1239,0,0,1658,506,45,97
2017," 50~54歲"," 計",322942,0,322755,0,1811,695,14080,2023,39061,3026,21986,1653,27263,1208,0,92,35947,4495,83968,5935,70227,2956,9,1,5455,772,92,187
2017," 50~54歲"," 男",151659,0,151610,0,1281,444,8631,1092,18148,1081,10836,725,14844,742,0,52,16838,2400,35031,3258,32646,1595,2,0,1642,293,29,49
2017," 50~54歲"," 女",171283,0,171145,0,530,251,5449,931,20913,1945,11150,928,12419,466,0,40,19109,2095,48937,2677,37581,1361,7,1,3813,479,63,138
2017," 55~59歲"," 計",319086,0,318618,0,1514,359,8369,1118,31882,2359,13838,1225,22701,1178,0,68,32772,4609,72320,6006,99338,3623,67,16,13908,1177,171,468
2017," 55~59歲"," 男",148874,0,148779,0,1138,261,5507,635,16465,969,7150,525,13332,730,0,46,16433,2553,30096,3095,43619,1822,20,8,3975,360,40,95
2017," 55~59歲"," 女",170212,0,169839,0,376,98,2862,483,15417,1390,6688,700,9369,448,0,22,16339,2056,42224,2911,55719,1801,47,8,9933,817,131,373
2017," 60~64歲"," 計",284199,0,282907,0,1094,155,5227,607,25971,1846,8938,755,17484,806,0,57,27480,3327,51007,3674,62513,5800,990,285,60658,3852,381,1292
2017," 60~64歲"," 男",131758,0,131624,0,878,121,3572,372,14512,871,4873,362,10735,517,0,38,15012,1888,21954,1840,27511,2866,366,136,22061,1078,61,134
2017," 60~64歲"," 女",152441,0,151283,0,216,34,1655,235,11459,975,4065,393,6749,289,0,19,12468,1439,29053,1834,35002,2934,624,149,38597,2774,320,1158
2017," 65歲以上"," 計",502397,0,477731,0,1369,106,5686,493,39599,2433,11663,756,15413,583,0,41,37435,3948,41621,3004,58887,10650,4173,1055,213063,19762,5991,24666
2017," 65歲以上"," 男",230000,0,227288,0,1180,83,4280,350,26346,1392,6850,427,10050,361,0,27,20974,2266,22372,1668,28050,5791,2110,617,84204,6096,1794,2712
2017," 65歲以上"," 女",272397,0,250443,0,189,23,1406,143,13253,1041,4813,329,5363,222,0,14,16461,1682,19249,1336,30837,4859,2063,438,128859,13666,4197,21954
2018," 15歲以上總人口"," 計",3505795,0,3480568,0,12923,6876,171619,46462,738926,234685,212447,38409,160493,10066,0,18503,231216,99089,571211,139634,406354,45610,5141,1330,293297,29860,6417,25227
2018," 15歲以上總人口"," 男",1700710,0,1697857,0,9242,4679,105015,26373,346181,124521,97157,21941,84761,6124,0,7474,115756,52321,272072,82961,194078,23729,2417,744,109180,9330,1801,2853
2018," 15歲以上總人口"," 女",1805085,0,1782711,0,3681,2197,66604,20089,392745,110164,115290,16468,75732,3942,0,11029,115460,46768,299139,56673,212276,21881,2724,586,184117,20530,4616,22374
2018," 15~19歲"," 計",215440,0,215436,0,0,0,0,0,0,54864,0,1356,0,72,0,12182,2210,60580,6930,58580,4442,11881,0,0,267,2072,0,4
2018," 15~19歲"," 男",112349,0,112345,0,0,0,0,0,0,28027,0,784,0,21,0,3987,1175,30371,4166,33919,2352,6345,0,0,154,1044,0,4
2018," 15~19歲"," 女",103091,0,103091,0,0,0,0,0,0,26837,0,572,0,51,0,8195,1035,30209,2764,24661,2090,5536,0,0,113,1028,0,0
2018," 20~24歲"," 計",258854,0,258854,0,0,57,1729,10845,69916,110199,3422,3887,6746,165,0,2986,3681,2631,25857,12154,3476,796,0,0,79,225,3,0
2018," 20~24歲"," 男",134055,0,134055,0,0,41,1068,6734,30866,57993,1978,2194,1609,100,0,1391,2170,1471,15679,7989,2188,413,0,0,42,128,1,0
2018," 20~24歲"," 女",124799,0,124799,0,0,16,661,4111,39050,52206,1444,1693,5137,65,0,1595,1511,1160,10178,4165,1288,383,0,0,37,97,2,0
2018," 25~29歲"," 計",276502,0,276497,0,70,793,22701,9322,149389,25988,5721,4256,3151,99,0,937,4402,1874,29210,11754,5678,887,0,0,137,120,8,5
2018," 25~29歲"," 男",144001,0,143998,0,49,599,14541,5318,68665,16278,2951,2674,843,59,0,534,2309,1058,16393,7462,3652,514,0,0,50,47,2,3
2018," 25~29歲"," 女",132501,0,132499,0,21,194,8160,4004,80724,9710,2770,1582,2308,40,0,403,2093,816,12817,4292,2026,373,0,0,87,73,6,2
2018," 30~34歲"," 計",281478,0,281463,0,824,1134,29743,5970,130223,13509,14175,7160,4909,225,0,1475,7740,3348,34341,13980,9414,2126,0,0,822,338,7,15
2018," 30~34歲"," 男",141796,0,141789,0,577,745,17954,3228,58569,7911,6464,4591,1767,144,0,934,3842,1832,18343,8571,5036,1103,0,0,87,91,0,7
2018," 30~34歲"," 女",139682,0,139674,0,247,389,11789,2742,71654,5598,7711,2569,3142,81,0,541,3898,1516,15998,5409,4378,1023,0,0,735,247,7,8
2018," 35~39歲"," 計",347077,0,347031,0,1966,1210,30903,6026,110407,10709,42043,9831,10449,2693,0,412,13801,5592,63053,12229,20790,1952,0,0,2168,766,31,46
2018," 35~39歲"," 男",170579,0,170560,0,1350,818,18324,3347,48972,5608,16977,5704,4946,1518,0,287,6120,3230,33266,7585,11317,898,0,0,200,88,5,19
2018," 35~39歲"," 女",176498,0,176471,0,616,392,12579,2679,61435,5101,25066,4127,5503,1175,0,125,7681,2362,29787,4644,9473,1054,0,0,1968,678,26,27
2018," 40~44歲"," 計",338573,0,338483,0,2026,1168,27214,5586,80077,5634,49158,4776,20849,1732,0,114,26035,4024,70809,6260,27836,2309,0,0,1968,866,42,90
2018," 40~44歲"," 男",165125,0,165091,0,1352,762,15897,2944,36036,2719,20590,2611,10625,1092,0,76,12774,2516,33962,4040,15388,1121,0,0,340,241,5,34
2018," 40~44歲"," 女",173448,0,173392,0,674,406,11317,2642,44041,2915,28568,2165,10224,640,0,38,13261,1508,36847,2220,12448,1188,0,0,1628,625,37,56
2018," 45~49歲"," 計",314488,0,314367,0,1721,1036,21558,3881,53521,3391,36051,2426,26573,1058,0,112,33608,4087,77175,5164,37702,2455,0,0,2053,736,59,121
2018," 45~49歲"," 男",151945,0,151900,0,1091,706,12662,2060,24252,1405,16038,1189,13585,679,0,84,15843,2447,34828,3115,19896,1256,0,0,520,224,20,45
2018," 45~49歲"," 女",162543,0,162467,0,630,330,8896,1821,29269,1986,20013,1237,12988,379,0,28,17765,1640,42347,2049,17806,1199,0,0,1533,512,39,76
2018," 50~54歲"," 計",318551,0,318386,0,1901,780,15931,2314,40624,3121,23876,1742,27211,1215,0,92,35939,4260,83486,5769,62007,2825,4,0,4454,754,81,165
2018," 50~54歲"," 男",149896,0,149857,0,1307,503,9640,1234,18392,1150,11678,753,14662,750,0,57,16657,2298,35284,3166,29143,1515,0,0,1364,282,22,39
2018," 50~54歲"," 女",168655,0,168529,0,594,277,6291,1080,22232,1971,12198,989,12549,465,0,35,19282,1962,48202,2603,32864,1310,4,0,3090,472,59,126
2018," 55~59歲"," 計",323226,0,322868,0,1643,402,9463,1249,33749,2579,15388,1297,23980,1220,0,85,33819,4705,75334,6117,95475,3509,52,14,11618,1016,154,358
2018," 55~59歲"," 男",150505,0,150418,0,1228,272,6100,700,17016,1015,7778,580,13775,751,0,56,16619,2558,31007,3141,42379,1799,14,6,3239,344,41,87
2018," 55~59歲"," 女",172721,0,172450,0,415,130,3363,549,16733,1564,7610,717,10205,469,0,29,17200,2147,44327,2976,53096,1710,38,8,8379,672,113,271
2018," 60~64歲"," 計",291901,0,290809,0,1191,176,5789,682,27248,1995,9598,837,18369,893,0,54,28820,3659,56233,4156,75726,5291,692,188,45854,3032,326,1092
2018," 60~64歲"," 男",134754,0,134627,0,938,137,3921,399,14984,922,5163,395,11212,590,0,32,15462,2080,23936,2101,32686,2549,249,83,15891,837,60,127
2018," 60~64歲"," 女",157147,0,156182,0,253,39,1868,283,12264,1073,4435,442,7157,303,0,22,13358,1579,32297,2055,43040,2742,443,105,29963,2195,266,965
2018," 65歲以上"," 計",539705,0,516374,0,1581,120,6588,587,43772,2696,13015,841,18256,694,0,54,41161,4329,48783,3471,63808,11579,4393,1128,223877,19935,5706,23331
2018," 65歲以上"," 男",245705,0,243217,0,1350,96,4908,409,28429,1493,7540,466,11737,420,0,36,22785,2460,25208,1872,30041,6216,2154,655,87293,6004,1645,2488
2018," 65歲以上"," 女",294000,0,273157,0,231,24,1680,178,15343,1203,5475,375,6519,274,0,18,18376,1869,23575,1599,33767,5363,2239,473,136584,13931,4061,20843
2019," 15歲以上總人口"," 計",3532443,0,3508955,0,13601,7056,181786,47733,772787,235989,213208,38063,160751,10087,0,18164,231276,97864,572580,134075,401707,45354,5024,1279,285494,29050,6027,23488
2019," 15歲以上總人口"," 男",1711632,0,1709093,0,9690,4782,110592,27030,361310,125631,97423,21727,84495,6142,0,7340,115083,51950,272465,80333,191110,23365,2323,710,104998,8960,1634,2539
2019," 15歲以上總人口"," 女",1820811,0,1799862,0,3911,2274,71194,20703,411477,110358,115785,16336,76256,3945,0,10824,116193,45914,300115,53742,210597,21989,2701,569,180496,20090,4393,20949
2019," 15~19歲"," 計",205504,0,205501,0,0,0,0,0,0,54398,0,1119,0,59,0,11628,2563,59284,6753,51616,3573,11993,0,0,269,2244,2,3
2019," 15~19歲"," 男",107405,0,107404,0,0,0,0,0,0,27631,0,667,0,21,0,3770,1392,30049,3990,30367,1937,6280,0,0,154,1145,1,1
2019," 15~19歲"," 女",98099,0,98097,0,0,0,0,0,0,26767,0,452,0,38,0,7858,1171,29235,2763,21249,1636,5713,0,0,115,1099,1,2
2019," 20~24歲"," 計",252091,0,252091,0,0,69,1722,10843,69670,106877,3021,3443,6500,215,0,2962,3818,2616,24212,11890,3076,804,0,0,90,262,1,0
2019," 20~24歲"," 男",130638,0,130638,0,0,47,1050,6755,30834,56438,1793,1886,1572,133,0,1334,2180,1453,14766,7876,1895,436,0,0,52,137,1,0
2019," 20~24歲"," 女",121453,0,121453,0,0,22,672,4088,38836,50439,1228,1557,4928,82,0,1628,1638,1163,9446,4014,1181,368,0,0,38,125,0,0
2019," 25~29歲"," 計",278031,0,278026,0,67,744,22685,9236,152924,27605,5140,4057,3249,125,0,996,3907,1889,28075,11410,5119,615,0,0,108,65,10,5
2019," 25~29歲"," 男",144607,0,144604,0,48,552,14412,5263,70293,17295,2759,2533,816,79,0,583,2066,1044,15883,7275,3296,347,0,0,34,24,2,3
2019," 25~29歲"," 女",133424,0,133422,0,19,192,8273,3973,82631,10310,2381,1524,2433,46,0,413,1841,845,12192,4135,1823,268,0,0,74,41,8,2
2019," 30~34歲"," 計",273619,0,273613,0,749,1059,29766,6104,132592,14690,11237,6074,4320,170,0,1431,7013,2461,31998,12983,8009,2054,0,0,592,306,5,6
2019," 30~34歲"," 男",138639,0,138636,0,534,724,17969,3262,59776,8773,5272,3879,1459,105,0,888,3478,1361,17304,8079,4456,1115,0,0,91,111,0,3
2019," 30~34歲"," 女",134980,0,134977,0,215,335,11797,2842,72816,5917,5965,2195,2861,65,0,543,3535,1100,14694,4904,3553,939,0,0,501,195,5,3
2019," 35~39歲"," 計",339424,0,339395,0,1904,1283,32308,6056,117416,11043,36031,10100,8705,2029,0,594,12245,6010,56833,13789,18380,1877,0,0,2041,727,24,29
2019," 35~39歲"," 男",167240,0,167226,0,1285,854,19174,3378,52250,5886,14756,5991,3982,1124,0,396,5477,3427,30057,8347,9764,819,0,0,174,81,4,14
2019," 35~39歲"," 女",172184,0,172169,0,619,429,13134,2678,65166,5157,21275,4109,4723,905,0,198,6768,2583,26776,5442,8616,1058,0,0,1867,646,20,15
2019," 40~44歲"," 計",350448,0,350380,0,2272,1182,29241,5793,87485,6855,51441,5637,19106,2181,0,123,24220,4074,71711,6968,26838,2303,0,0,2066,850,34,68
2019," 40~44歲"," 男",170903,0,170879,0,1552,775,16994,3096,39119,3335,21223,3107,9552,1335,0,83,11759,2530,35248,4586,14954,1123,0,0,294,209,5,24
2019," 40~44歲"," 女",179545,0,179501,0,720,407,12247,2697,48366,3520,30218,2530,9554,846,0,40,12461,1544,36463,2382,11884,1180,0,0,1772,641,29,44
2019," 45~49歲"," 計",313570,0,313483,0,1735,1065,23261,4162,57596,3456,38442,2580,25823,1090,0,114,31853,3950,74039,5067,34206,2300,0,0,1948,751,45,87
2019," 45~49歲"," 男",151816,0,151779,0,1107,702,13518,2196,26404,1441,16923,1301,13237,734,0,80,14945,2377,33598,3110,18262,1148,0,0,468,217,11,37
2019," 45~49歲"," 女",161754,0,161704,0,628,363,9743,1966,31192,2015,21519,1279,12586,356,0,34,16908,1573,40441,1957,15944,1152,0,0,1480,534,34,50
2019," 50~54歲"," 計",317214,0,317073,0,1955,836,17629,2640,42599,3228,26131,1821,27333,1142,0,104,36067,4240,83012,5662,55459,2733,0,0,3679,730,73,141
2019," 50~54歲"," 男",149476,0,149442,0,1313,536,10509,1356,18864,1208,12455,833,14492,702,0,68,16687,2323,35640,3107,26500,1463,0,0,1089,275,22,34
2019," 50~54歲"," 女",167738,0,167631,0,642,300,7120,1284,23735,2020,13676,988,12841,440,0,36,19380,1917,47372,2555,28959,1270,0,0,2590,455,51,107
2019," 55~59歲"," 計",324362,0,324110,0,1800,456,10974,1456,35699,2717,16797,1378,25100,1262,0,91,34411,4595,77832,6029,89482,3398,38,10,9563,902,120,252
2019," 55~59歲"," 男",151025,0,150967,0,1298,313,6985,807,17664,1040,8403,589,14197,758,0,59,16601,2459,31786,3101,40130,1747,12,4,2670,313,31,58
2019," 55~59歲"," 女",173337,0,173143,0,502,143,3989,649,18035,1677,8394,789,10903,504,0,32,17810,2136,46046,2928,49352,1651,26,6,6893,589,89,194
2019," 60~64歲"," 計",299669,0,298810,0,1321,225,6583,760,28496,2096,10419,902,19518,982,0,57,30027,3950,61158,4696,88463,4768,403,105,31340,2261,280,859
2019," 60~64歲"," 男",138082,0,137957,0,1039,168,4354,439,15345,930,5509,427,11779,643,0,36,15788,2242,25798,2399,37717,2317,123,42,10172,636,54,125
2019," 60~64歲"," 女",161587,0,160853,0,282,57,2229,321,13151,1166,4910,475,7739,339,0,21,14239,1708,35360,2297,50746,2451,280,63,21168,1625,226,734
2019," 65歲以上"," 計",578511,0,556473,0,1798,137,7617,683,48310,3024,14549,952,21097,832,0,64,45152,4795,56957,3965,69102,12509,4583,1164,233798,19952,5433,22038
2019," 65歲以上"," 男",261801,0,259561,0,1514,111,5627,478,30761,1654,8330,514,13409,508,0,43,24710,2685,28395,2086,32199,6570,2188,664,89800,5812,1503,2240
2019," 65歲以上"," 女",316710,0,296912,0,284,26,1990,205,17549,1370,6219,438,7688,324,0,21,20442,2110,28562,1879,36903,5939,2395,500,143998,14140,3930,19798
2020," 15歲以上總人口"," 計",3548668,0,3526750,0,14036,7159,190627,49131,802090,234883,213801,37620,160521,10129,0,17869,230205,96688,572939,130906,397143,44102,4899,1237,277286,27805,5674,21918
2020," 15歲以上總人口"," 男",1718324,0,1715998,0,9968,4821,115664,27699,374266,125937,97649,21444,84018,6213,0,7229,114117,51422,272615,78511,188213,22651,2231,681,100754,8410,1485,2326
2020," 15歲以上總人口"," 女",1830344,0,1810752,0,4068,2338,74963,21432,427824,108946,116152,16176,76503,3916,0,10640,116088,45266,300324,52395,208930,21451,2668,556,176532,19395,4189,19592
2020," 15~19歲"," 計",188821,0,188817,0,0,0,0,0,0,46356,0,802,0,43,0,10726,2829,58085,6018,46935,3666,11171,0,0,225,1960,1,4
2020," 15~19歲"," 男",98732,0,98729,0,0,0,0,0,0,23724,0,465,0,15,0,3367,1548,29568,3583,27575,1899,5869,0,0,116,1000,0,3
2020," 15~19歲"," 女",90089,0,90088,0,0,0,0,0,0,22632,0,337,0,28,0,7359,1281,28517,2435,19360,1767,5302,0,0,109,960,1,1
2020," 20~24歲"," 計",248868,0,248867,0,0,68,1702,10625,66208,109275,2832,2954,6266,315,0,3329,3815,2640,22983,11831,2844,837,0,0,90,252,1,1
2020," 20~24歲"," 男",129143,0,129142,0,0,55,1077,6621,29330,57819,1718,1598,1479,206,0,1495,2164,1481,13973,7810,1686,455,0,0,54,120,1,1
2020," 20~24歲"," 女",119725,0,119725,0,0,13,625,4004,36878,51456,1114,1356,4787,109,0,1834,1651,1159,9010,4021,1158,382,0,0,36,132,0,0
2020," 25~29歲"," 計",274857,0,274851,0,69,657,21912,9420,152991,28294,4677,3873,3391,138,0,1068,3484,1872,26698,11009,4530,602,0,0,87,68,11,6
2020," 25~29歲"," 男",142643,0,142639,0,55,482,13887,5267,70048,17701,2642,2401,874,93,0,618,1854,1010,15280,7110,2915,330,0,0,32,36,4,4
2020," 25~29歲"," 女",132214,0,132212,0,14,175,8025,4153,82943,10593,2035,1472,2517,45,0,450,1630,862,11418,3899,1615,272,0,0,55,32,7,2
2020," 30~34歲"," 計",274593,0,274587,0,632,1056,30150,6375,138451,16499,9175,5208,3815,135,0,1312,6646,2190,30870,12488,7200,1742,0,0,395,245,3,6
2020," 30~34歲"," 男",140130,0,140127,0,455,708,18219,3474,62990,9973,4399,3270,1226,84,0,784,3377,1241,16798,7791,4178,985,0,0,74,101,0,3
2020," 30~34歲"," 女",134463,0,134460,0,177,348,11931,2901,75461,6526,4776,1938,2589,51,0,528,3269,949,14072,4697,3022,757,0,0,321,144,3,3
2020," 35~39歲"," 計",329087,0,329062,0,1807,1276,33614,6103,124006,11276,30230,9891,7418,1334,0,839,10932,5806,49928,14540,15734,1877,0,0,1804,631,16,25
2020," 35~39歲"," 男",162631,0,162619,0,1231,847,19980,3363,55151,6225,12518,6097,3201,752,0,566,4907,3277,26490,8725,8248,806,0,0,158,75,2,12
2020," 35~39歲"," 女",166456,0,166443,0,576,429,13634,2740,68855,5051,17712,3794,4217,582,0,273,6025,2529,23438,5815,7486,1071,0,0,1646,556,14,13
2020," 40~44歲"," 計",359024,0,358969,0,2411,1174,31285,5976,94416,8033,51816,6592,17271,2643,0,152,21675,4105,72451,7835,25832,2222,0,0,2177,875,28,55
2020," 40~44歲"," 男",175775,0,175758,0,1655,773,18181,3217,42282,3949,21185,3589,8560,1569,0,105,10299,2529,36649,5196,14469,1077,0,0,286,183,5,17
2020," 40~44歲"," 女",183249,0,183211,0,756,401,13104,2759,52134,4084,30631,3003,8711,1074,0,47,11376,1576,35802,2639,11363,1145,0,0,1891,692,23,38
2020," 45~49歲"," 計",313090,0,313004,0,1764,1077,24427,4472,62049,3569,40819,2860,24788,1121,0,114,29799,3836,71098,5097,31266,2193,0,0,1859,749,47,86
2020," 45~49歲"," 男",151409,0,151370,0,1113,685,14154,2403,28333,1565,17791,1494,12693,747,0,77,14051,2336,32304,3154,16777,1075,0,0,393,215,10,39
2020," 45~49歲"," 女",161681,0,161634,0,651,392,10273,2069,33716,2004,23028,1366,12095,374,0,37,15748,1500,38794,1943,14489,1118,0,0,1466,534,37,47
2020," 50~54歲"," 計",315750,0,315624,0,2004,908,19449,2909,45043,3261,28479,1900,26918,1143,0,99,36310,4149,81810,5495,49239,2668,0,0,3039,730,71,126
2020," 50~54歲"," 男",149540,0,149505,0,1328,603,11443,1470,19846,1250,13266,865,14120,726,0,67,16833,2309,35682,3110,24012,1413,0,0,882,259,21,35
2020," 50~54歲"," 女",166210,0,166119,0,676,305,8006,1439,25197,2011,15213,1035,12798,417,0,32,19477,1840,46128,2385,25227,1255,0,0,2157,471,50,91
2020," 55~59歲"," 計",324117,0,323927,0,1932,508,12343,1625,37069,2831,18480,1479,26295,1232,0,107,34698,4548,80029,6008,82754,3177,23,7,7872,818,92,190
2020," 55~59歲"," 男",150625,0,150578,0,1367,334,7719,871,17814,1034,9157,648,14598,741,0,71,16431,2400,32707,3090,37431,1653,8,2,2187,289,26,47
2020," 55~59歲"," 女",173492,0,173349,0,565,174,4624,754,19255,1797,9323,831,11697,491,0,36,18267,2148,47322,2918,45323,1524,15,5,5685,529,66,143
2020," 60~64歲"," 計",302200,0,301514,0,1435,264,7218,848,29379,2176,11199,977,20238,1023,0,51,30529,4150,64718,5048,96473,4094,172,36,19629,1608,249,686
2020," 60~64歲"," 男",138885,0,138775,0,1102,194,4734,475,15521,925,5847,437,12089,654,0,31,15752,2304,26969,2557,40828,1952,43,16,5825,476,44,110
2020," 60~64歲"," 女",163315,0,162739,0,333,70,2484,373,13858,1251,5352,540,8149,369,0,20,14777,1846,37749,2491,55645,2142,129,20,13804,1132,205,576
2020," 65歲以上"," 計",618261,0,597528,0,1982,171,8527,778,52478,3313,16094,1084,24121,1002,0,72,49488,5307,66336,4620,77605,13519,4704,1194,240109,19869,5155,20733
2020," 65歲以上"," 男",278811,0,276756,0,1662,140,6270,538,32951,1772,9126,580,15178,626,0,48,26901,2967,32180,2393,35770,7036,2180,663,90747,5656,1372,2055
2020," 65歲以上"," 女",339450,0,320772,0,320,31,2257,240,19527,1541,6968,504,8943,376,0,24,22587,2340,34156,2227,41835,6483,2524,531,149362,14213,3783,18678
2021," 15歲以上總人口"," 計",3535720,0,3515402,0,14040,7334,195564,50971,821355,232221,212534,36917,159229,10136,0,17523,225921,94917,570372,128662,389818,42837,4715,1199,267240,26639,5258,20318
2021," 15歲以上總人口"," 男",1712669,0,1710575,0,9930,4932,118542,28616,383302,125631,97013,21109,82979,6239,0,7080,111803,50833,271125,77293,184177,22013,2110,651,95885,7965,1347,2094
2021," 15歲以上總人口"," 女",1823051,0,1804827,0,4110,2402,77022,22355,438053,106590,115521,15808,76250,3897,0,10443,114118,44084,299247,51369,205641,20824,2605,548,171355,18674,3911,18224
2021," 15~19歲"," 計",179909,0,179901,0,0,0,0,0,0,43920,0,614,0,132,0,10407,2523,56952,5583,43687,3009,10914,0,0,193,1966,1,8
2021," 15~19歲"," 男",94192,0,94189,0,0,0,0,0,0,22815,0,367,0,93,0,3203,1331,29224,3147,25578,1575,5766,0,0,114,976,0,3
2021," 15~19歲"," 女",85717,0,85712,0,0,0,0,0,0,21105,0,247,0,39,0,7204,1192,27728,2436,18109,1434,5148,0,0,79,990,1,5
2021," 20~24歲"," 計",236927,0,236926,0,0,60,1429,10498,62426,105857,2446,2490,6243,386,0,3097,3695,2496,20823,11627,2397,653,0,0,77,226,0,1
2021," 20~24歲"," 男",123212,0,123211,0,0,42,897,6505,27638,56271,1515,1325,1495,267,0,1423,2111,1445,12650,7686,1436,363,0,0,49,93,0,1
2021," 20~24歲"," 女",113715,0,113715,0,0,18,532,3993,34788,49586,931,1165,4748,119,0,1674,1584,1051,8173,3941,961,290,0,0,28,133,0,0
2021," 25~29歲"," 計",271637,0,271633,0,56,633,21316,10040,152157,28260,4335,3605,3543,145,0,1129,3280,1803,25664,10951,4033,504,0,0,90,78,11,4
2021," 25~29歲"," 男",140878,0,140876,0,41,457,13390,5605,69545,17594,2498,2228,924,104,0,628,1789,994,14946,7180,2582,276,0,0,37,54,4,2
2021," 25~29歲"," 女",130759,0,130757,0,15,176,7926,4435,82612,10666,1837,1377,2619,41,0,501,1491,809,10718,3771,1451,228,0,0,53,24,7,2
2021," 30~34歲"," 計",276693,0,276688,0,553,1000,29969,6724,144000,18325,7875,4569,3353,116,0,1120,6020,1968,30761,12068,6420,1382,0,0,272,188,5,5
2021," 30~34歲"," 男",142480,0,142477,0,399,680,18268,3688,66145,11323,3824,2868,1026,62,0,668,3084,1143,16885,7558,3903,796,0,0,72,84,1,3
2021," 30~34歲"," 女",134213,0,134211,0,154,320,11701,3036,77855,7002,4051,1701,2327,54,0,452,2936,825,13876,4510,2517,586,0,0,200,104,4,2
2021," 35~39歲"," 計",308268,0,308242,0,1604,1253,33293,5912,124432,11222,23969,8978,6425,694,0,1112,9590,5117,42742,14515,13426,1924,0,0,1504,520,10,26
2021," 35~39歲"," 男",153190,0,153175,0,1091,835,19696,3220,55588,6356,10228,5654,2583,407,0,724,4363,2885,22685,8798,6987,877,0,0,126,71,1,15
2021," 35~39歲"," 女",155078,0,155067,0,513,418,13597,2692,68844,4866,13741,3324,3842,287,0,388,5227,2232,20057,5717,6439,1047,0,0,1378,449,9,11
2021," 40~44歲"," 計",356108,0,356067,0,2380,1177,32020,5972,99912,8833,49664,7646,14527,2902,0,199,18753,4321,70027,8656,23896,2091,0,0,2197,869,25,41
2021," 40~44歲"," 男",174431,0,174417,0,1626,767,18747,3258,44640,4378,19999,4245,7172,1654,0,136,8730,2616,36130,5651,13281,993,0,0,247,141,6,14
2021," 40~44歲"," 女",181677,0,181650,0,754,410,13273,2714,55272,4455,29665,3401,7355,1248,0,63,10023,1705,33897,3005,10615,1098,0,0,1950,728,19,27
2021," 45~49歲"," 計",322471,0,322391,0,1963,1164,26512,4952,68847,3994,44133,3311,24041,1240,0,110,28359,3827,70290,5302,29469,2211,0,0,1848,775,43,80
2021," 45~49歲"," 男",156514,0,156482,0,1279,751,15429,2632,31441,1829,19129,1742,12204,841,0,72,13492,2383,32256,3331,15993,1067,0,0,360,243,8,32
2021," 45~49歲"," 女",165957,0,165909,0,684,413,11083,2320,37406,2165,25004,1569,11837,399,0,38,14867,1444,38034,1971,13476,1144,0,0,1488,532,35,48
2021," 50~54歲"," 計",311675,0,311568,0,1986,973,20748,3227,47225,3221,30797,1995,26435,1110,0,107,35330,4006,79916,5227,43463,2511,0,0,2508,720,63,107
2021," 50~54歲"," 男",148440,0,148401,0,1300,636,12091,1620,20897,1272,14040,947,13709,699,0,73,16481,2283,35316,2977,21800,1305,0,0,690,249,16,39
2021," 50~54歲"," 女",163235,0,163167,0,686,337,8657,1607,26328,1949,16757,1048,12726,411,0,34,18849,1723,44600,2250,21663,1206,0,0,1818,471,47,68
2021," 55~59歲"," 計",321063,0,320898,0,1977,585,13624,1833,38018,2917,20009,1491,26628,1206,0,108,34858,4422,81504,5876,75528,3006,13,2,6447,758,88,165
2021," 55~59歲"," 男",148904,0,148869,0,1378,387,8370,979,17815,1033,9832,654,14552,723,0,67,16278,2323,33430,3082,34252,1588,3,0,1821,274,28,35
2021," 55~59歲"," 女",172159,0,172029,0,599,198,5254,854,20203,1884,10177,837,12076,483,0,41,18580,2099,48074,2794,41276,1418,10,2,4626,484,60,130
2021," 60~64歲"," 計",301031,0,300504,0,1463,304,7710,932,29717,2183,12084,1015,20907,1064,0,51,30549,4175,67150,5425,95091,3583,114,25,15533,1241,188,527
2021," 60~64歲"," 男",138428,0,138336,0,1105,229,5069,516,15458,917,6258,450,12364,668,0,33,15434,2306,27703,2726,40510,1729,31,11,4429,351,39,92
2021," 60~64歲"," 女",162603,0,162168,0,358,75,2641,416,14259,1266,5826,565,8543,396,0,18,15115,1869,39447,2699,54581,1854,83,14,11104,890,149,435
2021," 65歲以上"," 計",649938,0,630584,0,2058,185,8943,881,54621,3489,17222,1203,27127,1141,0,83,52964,5830,75912,5328,93086,14058,4588,1172,236571,19298,4824,19354
2021," 65歲以上"," 男",292000,0,290142,0,1711,148,6585,593,34135,1843,9690,629,16950,721,0,53,28710,3231,35977,2726,41858,7253,2076,640,87940,5429,1244,1858
2021," 65歲以上"," 女",357938,0,340442,0,347,37,2358,288,20486,1646,7532,574,10177,420,0,30,24254,2599,39935,2602,51228,6805,2512,532,148631,13869,3580,17496
2022," 15歲以上總人口"," 計",3534740,0,3516223,0,14406,7431,203571,52820,846799,228633,211522,36463,158052,9958,0,17544,223719,94214,566587,126897,382729,41897,4505,1161,256900,25572,4843,18517
2022," 15歲以上總人口"," 男",1708478,0,1706611,0,10126,4983,122540,29567,394212,124311,96306,20855,81833,6138,0,7082,110032,50504,268653,76219,179801,21393,1983,621,90669,7597,1186,1867
2022," 15歲以上總人口"," 女",1826262,0,1809612,0,4280,2448,81031,23253,452587,104322,115216,15608,76219,3820,0,10462,113687,43710,297934,50678,202928,20504,2522,540,166231,17975,3657,16650
2022," 15~19歲"," 計",173437,0,173420,0,0,0,0,0,0,42286,0,450,0,94,0,10231,2248,56688,4570,41105,2646,10815,0,0,169,2117,1,17
2022," 15~19歲"," 男",90780,0,90771,0,0,0,0,0,0,22124,0,284,0,66,0,3189,1210,29092,2628,23922,1378,5645,0,0,107,1126,0,9
2022," 15~19歲"," 女",82657,0,82649,0,0,0,0,0,0,20162,0,166,0,28,0,7042,1038,27596,1942,17183,1268,5170,0,0,62,991,1,8
2022," 20~24歲"," 計",223214,0,223214,0,0,55,1407,10069,58874,99831,2076,2012,5840,359,0,3089,4126,2450,19021,11223,2017,537,0,0,55,172,1,0
2022," 20~24歲"," 男",116330,0,116330,0,0,40,857,6191,26379,53307,1292,1093,1385,252,0,1333,2235,1485,11399,7466,1195,314,0,0,31,76,0,0
2022," 20~24歲"," 女",106884,0,106884,0,0,15,550,3878,32495,46524,784,919,4455,107,0,1756,1891,965,7622,3757,822,223,0,0,24,96,1,0
2022," 25~29歲"," 計",269205,0,269204,0,44,613,20701,10997,151513,27895,4050,3285,3707,170,0,1215,3225,1734,24836,11019,3540,489,0,0,93,72,6,1
2022," 25~29歲"," 男",139364,0,139363,0,35,439,12848,6202,69175,17118,2374,1926,975,121,0,664,1857,1007,14738,7282,2255,267,0,0,35,42,3,1
2022," 25~29歲"," 女",129841,0,129841,0,9,174,7853,4795,82338,10777,1676,1359,2732,49,0,551,1368,727,10098,3737,1285,222,0,0,58,30,3,0
2022," 30~34歲"," 計",277959,0,277953,0,492,967,29756,7003,148207,20561,6786,4235,3093,104,0,963,5195,1748,29939,11510,5987,1031,0,0,222,145,9,6
2022," 30~34歲"," 男",143769,0,143765,0,349,667,18079,3895,68303,12871,3368,2678,884,60,0,582,2639,1016,16613,7280,3753,603,0,0,56,68,1,4
2022," 30~34歲"," 女",134190,0,134188,0,143,300,11677,3108,79904,7690,3418,1557,2209,44,0,381,2556,732,13326,4230,2234,428,0,0,166,77,8,2
2022," 35~39歲"," 計",291517,0,291499,0,1420,1188,33361,5803,126437,11435,18337,7763,5579,268,0,1301,8582,4240,37310,13954,11063,1897,0,0,1153,405,3,18
2022," 35~39歲"," 男",145583,0,145574,0,974,761,19703,3103,56683,6624,8090,4973,2105,175,0,812,4029,2359,19788,8483,5801,935,0,0,112,64,0,9
2022," 35~39歲"," 女",145934,0,145925,0,446,427,13658,2700,69754,4811,10247,2790,3474,93,0,489,4553,1881,17522,5471,5262,962,0,0,1041,341,3,9
2022," 40~44歲"," 計",358229,0,358191,0,2430,1196,33885,6185,108023,9681,46996,8788,12244,2986,0,261,16397,4745,67022,10141,22155,2000,0,0,2210,816,30,38
2022," 40~44歲"," 男",175576,0,175560,0,1651,785,19894,3343,48197,4928,18889,4988,5966,1676,0,186,7345,2813,35058,6462,12132,925,0,0,209,106,7,16
2022," 40~44歲"," 女",182653,0,182631,0,779,411,13991,2842,59826,4753,28107,3800,6278,1310,0,75,9052,1932,31964,3679,10023,1075,0,0,2001,710,23,22
2022," 45~49歲"," 計",328244,0,328172,0,2109,1176,28185,5278,74204,4568,46478,3856,22473,1351,0,119,27005,3811,69185,5491,27959,2214,0,0,1888,787,35,72
2022," 45~49歲"," 男",159022,0,158996,0,1369,769,16224,2797,33512,2111,19790,2082,11273,898,0,81,13053,2389,32355,3480,15159,1066,0,0,342,242,4,26
2022," 45~49歲"," 女",169222,0,169176,0,740,407,11961,2481,40692,2457,26688,1774,11200,453,0,38,13952,1422,36830,2011,12800,1148,0,0,1546,545,31,46
2022," 50~54歲"," 計",311231,0,311134,0,1985,1024,22454,3429,50622,3301,33163,2131,26182,1085,0,111,34072,3940,77785,5054,39357,2433,0,0,2210,736,60,97
2022," 50~54歲"," 男",148182,0,148149,0,1267,668,12959,1748,22363,1304,14772,1011,13480,686,0,78,15859,2294,34534,2907,20146,1243,0,0,584,230,16,33
2022," 50~54歲"," 女",163049,0,162985,0,718,356,9495,1681,28259,1997,18391,1120,12702,399,0,33,18213,1646,43251,2147,19211,1190,0,0,1626,506,44,64
2022," 55~59歲"," 計",314134,0,313990,0,2019,649,15150,2014,38937,3005,21592,1506,26654,1146,0,102,34668,4222,81312,5678,66511,2807,8,1,5204,725,80,144
2022," 55~59歲"," 男",145623,0,145585,0,1398,424,9063,1064,17802,1053,10538,668,14348,707,0,59,15972,2224,33448,3053,30474,1486,1,0,1514,266,23,38
2022," 55~59歲"," 女",168511,0,168405,0,621,225,6087,950,21135,1952,11054,838,12306,439,0,43,18696,1998,47864,2625,36037,1321,7,1,3690,459,57,106
2022," 60~64歲"," 計",306210,0,305809,0,1632,328,8661,1060,31493,2273,13358,1102,22078,1120,0,67,31272,4321,69728,5666,93566,3447,68,16,13309,1087,157,401
2022," 60~64歲"," 男",140562,0,140486,0,1205,247,5651,574,16073,924,6818,472,12764,696,0,43,15399,2354,28467,2849,40178,1708,18,8,3673,329,36,76
2022," 60~64歲"," 女",165648,0,165323,0,427,81,3010,486,15420,1349,6540,630,9314,424,0,24,15873,1967,41261,2817,53388,1739,50,8,9636,758,121,325
2022," 65歲以上"," 計",681360,0,663637,0,2275,235,10011,982,58489,3797,18686,1335,30202,1275,0,85,56929,6315,85879,6056,107928,14227,4429,1144,230387,18510,4461,17723
2022," 65歲以上"," 男",303687,0,302032,0,1878,183,7262,650,35725,1947,10375,680,18653,801,0,55,30434,3471,39625,3035,47330,7201,1964,613,84006,5048,1096,1655
2022," 65歲以上"," 女",377673,0,361605,0,397,52,2749,332,22764,1850,8311,655,11549,474,0,30,26495,2844,46254,3021,60598,7026,2465,531,146381,13462,3365,16068
2023," 15歲以上總人口"," 計",3584370,0,3567323,0,15650,7719,216800,55368,886579,227319,213220,36368,159525,9982,0,17344,226667,96152,567616,126496,379988,42265,4383,1106,248011,24246,4519,17047
2023," 15歲以上總人口"," 男",1729475,0,1727809,0,10941,5140,129382,30977,411606,123930,96977,20879,82221,6132,0,7010,110582,51608,268837,76019,177472,21521,1892,580,86049,6982,1072,1666
2023," 15歲以上總人口"," 女",1854895,0,1839514,0,4709,2579,87418,24391,474973,103389,116243,15489,77304,3850,0,10334,116085,44544,298779,50477,202516,20744,2491,526,161962,17264,3447,15381
2023," 15~19歲"," 計",172044,0,172031,0,0,0,0,0,0,41345,0,365,0,103,0,9787,2572,57879,3964,39682,3305,11284,0,0,150,1594,1,13
2023," 15~19歲"," 男",89977,0,89969,0,0,0,0,0,0,21540,0,261,0,66,0,3013,1339,29946,2232,23039,1659,5958,0,0,83,833,0,8
2023," 15~19歲"," 女",82067,0,82062,0,0,0,0,0,0,19805,0,104,0,37,0,6774,1233,27933,1732,16643,1646,5326,0,0,67,761,1,5
2023," 20~24歲"," 計",217931,0,217929,0,0,78,1793,10942,59403,94354,1732,1661,5589,321,0,3088,4746,2669,17729,10933,2015,578,0,0,70,226,2,2
2023," 20~24歲"," 男",113705,0,113704,0,0,55,1092,6700,26710,50609,1106,949,1376,223,0,1321,2523,1582,10534,7279,1182,323,0,0,37,103,0,1
2023," 20~24歲"," 女",104226,0,104225,0,0,23,701,4242,32693,43745,626,712,4213,98,0,1767,2223,1087,7195,3654,833,255,0,0,33,123,2,1
2023," 25~29歲"," 計",260088,0,260087,0,57,614,20109,10858,145921,27046,3729,2900,3759,184,0,1275,3247,1901,23870,10719,3125,562,0,0,98,108,5,1
2023," 25~29歲"," 男",134422,0,134421,0,36,433,12370,6026,66587,16526,2234,1652,957,134,0,675,1868,1074,14376,7124,1964,276,0,0,40,66,3,1
2023," 25~29歲"," 女",125666,0,125666,0,21,181,7739,4832,79334,10520,1495,1248,2802,50,0,600,1379,827,9494,3595,1161,286,0,0,58,42,2,0
2023," 30~34歲"," 計",277884,0,277879,0,480,932,29433,7288,151305,22614,5762,3878,2904,97,0,869,4588,1713,28544,10915,5497,764,0,0,184,103,9,5
2023," 30~34歲"," 男",143874,0,143871,0,334,635,17770,4135,69895,14133,2956,2446,796,52,0,498,2272,957,16005,6977,3467,450,0,0,47,45,1,3
2023," 30~34歲"," 女",134010,0,134008,0,146,297,11663,3153,81410,8481,2806,1432,2108,45,0,371,2316,756,12539,3938,2030,314,0,0,137,58,8,2
2023," 35~39歲"," 計",288912,0,288900,0,1327,1157,34336,5955,134349,12661,14375,6824,4990,216,0,1418,8180,3223,34148,13318,9283,1922,0,0,868,345,5,12
2023," 35~39歲"," 男",144916,0,144909,0,914,744,20188,3212,60488,7525,6544,4381,1786,139,0,890,3879,1777,18189,8195,4883,1009,0,0,85,81,0,7
2023," 35~39歲"," 女",143996,0,143991,0,413,413,14148,2743,73861,5136,7831,2443,3204,77,0,528,4301,1446,15959,5123,4400,913,0,0,783,264,5,5
2023," 40~44歲"," 計",357116,0,357084,0,2489,1242,35606,6225,116150,10446,42676,9529,10573,2592,0,397,14176,5459,62650,11817,20161,1920,0,0,2177,774,25,32
2023," 40~44歲"," 男",175222,0,175206,0,1669,811,20821,3400,51692,5410,17265,5542,4954,1474,0,281,6191,3170,33145,7322,10895,868,0,0,202,89,5,16
2023," 40~44歲"," 女",181894,0,181878,0,820,431,14785,2825,64458,5036,25411,3987,5619,1118,0,116,7985,2289,29505,4495,9266,1052,0,0,1975,685,20,16
2023," 45~49歲"," 計",342263,0,342198,0,2391,1215,30882,5701,82609,5554,49492,4622,20759,1665,0,119,25902,3830,69605,5991,26788,2234,0,0,1975,828,36,65
2023," 45~49歲"," 男",165871,0,165849,0,1574,784,17626,2958,36938,2626,20742,2549,10500,1046,0,75,12607,2392,33349,3843,14633,1059,0,0,318,226,4,22
2023," 45~49歲"," 女",176392,0,176349,0,817,431,13256,2743,45671,2928,28750,2073,10259,619,0,44,13295,1438,36256,2148,12155,1175,0,0,1657,602,32,43
2023," 50~54歲"," 計",313380,0,313282,0,2075,1073,24390,3744,55198,3352,35779,2258,26340,1031,0,109,32870,3905,75158,4907,35930,2370,0,0,2016,724,53,98
2023," 50~54歲"," 男",149631,0,149594,0,1287,713,13898,1953,24613,1346,15760,1113,13384,654,0,82,15350,2317,33621,2927,18658,1185,0,0,498,218,17,37
2023," 50~54歲"," 女",163749,0,163688,0,788,360,10492,1791,30585,2006,20019,1145,12956,377,0,27,17520,1588,41537,1980,17272,1185,0,0,1518,506,36,61
2023," 55~59歲"," 計",313027,0,312909,0,2127,750,17557,2297,41384,3104,23543,1612,26921,1157,0,102,35115,4062,81141,5516,58838,2662,4,0,4227,719,71,118
2023," 55~59歲"," 男",145327,0,145298,0,1444,474,10362,1206,18484,1114,11368,713,14356,718,0,64,15977,2161,33804,2971,27160,1408,0,0,1242,256,16,29
2023," 55~59歲"," 女",167700,0,167611,0,683,276,7195,1091,22900,1990,12175,899,12565,439,0,38,19138,1901,47337,2545,31678,1254,4,0,2985,463,55,89
2023," 60~64歲"," 計",313548,0,313234,0,1868,369,10224,1165,34005,2481,15089,1200,23489,1173,0,80,32826,4465,73021,5803,90316,3307,51,13,11167,975,147,314
2023," 60~64歲"," 男",143638,0,143564,0,1360,270,6475,632,16885,952,7538,525,13254,720,0,51,15780,2388,29555,2919,39233,1667,12,5,2985,319,39,74
2023," 60~64歲"," 女",169910,0,169670,0,508,99,3749,533,17120,1529,7551,675,10235,453,0,29,17046,2077,43466,2884,51083,1640,39,8,8182,656,108,240
2023," 65歲以上"," 計",728177,0,711790,0,2836,289,12470,1193,66255,4362,21043,1519,34201,1443,0,100,62445,7046,97786,6895,124730,14662,4328,1093,225079,17850,4165,16387
2023," 65歲以上"," 男",322892,0,321424,0,2323,221,8780,755,39314,2149,11464,748,20858,906,0,60,32796,3844,44027,3423,53738,7318,1880,575,80512,4746,987,1468
2023," 65歲以上"," 女",405285,0,390366,0,513,68,3690,438,26941,2213,9579,771,13343,537,0,40,29649,3202,53759,3472,70992,7344,2448,518,144567,13104,3178,14919
2024," 15歲以上總人口"," 計",3601907,0,3586284,0,16497,7993,227678,57301,912513,227132,213404,36139,159371,11327,0,16278,225276,96703,565527,125536,374305,42286,4226,1051,238508,23022,4211,15623
2024," 15歲以上總人口"," 男",1735800,0,1734305,0,11476,5274,134924,32085,423066,124555,96939,20729,81869,6556,0,6634,109214,51652,267298,75534,173899,21391,1793,540,81426,6479,972,1495
2024," 15歲以上總人口"," 女",1866107,0,1851979,0,5021,2719,92754,25216,489447,102577,116465,15410,77502,4771,0,9644,116062,45051,298229,50002,200406,20895,2433,511,157082,16543,3239,14128
2024," 15~19歲"," 計",169861,0,169861,0,0,0,0,0,0,40371,0,356,0,1419,0,8617,2360,58457,3566,38354,3003,11792,0,0,181,1384,1,0
2024," 15~19歲"," 男",88519,0,88519,0,0,0,0,0,0,21066,0,272,0,492,0,2646,1206,30117,1951,22184,1587,6177,0,0,102,718,1,0
2024," 15~19歲"," 女",81342,0,81342,0,0,0,0,0,0,19305,0,84,0,927,0,5971,1154,28340,1615,16170,1416,5615,0,0,79,666,0,0
2024," 20~24歲"," 計",207958,0,207956,0,0,109,1856,11515,55303,91134,1480,1304,5306,409,0,2928,4535,2679,16228,10288,1985,588,0,0,63,244,2,2
2024," 20~24歲"," 男",108816,0,108815,0,0,77,1151,7021,24799,49147,965,788,1298,275,0,1186,2438,1562,9521,6965,1170,316,0,0,31,105,0,1
2024," 20~24歲"," 女",99142,0,99141,0,0,32,705,4494,30504,41987,515,516,4008,134,0,1742,2097,1117,6707,3323,815,272,0,0,32,139,2,1
2024," 25~29歲"," 計",253037,0,253034,0,98,642,20696,10742,141698,26321,3290,2589,3693,217,0,1347,3204,1916,22582,10375,2814,574,0,0,95,138,3,3
2024," 25~29歲"," 男",130909,0,130908,0,70,438,12615,6005,64728,16148,2021,1420,957,153,0,691,1803,1089,13700,6934,1699,309,0,0,48,77,3,1
2024," 25~29歲"," 女",122128,0,122126,0,28,204,8081,4737,76970,10173,1269,1169,2736,64,0,656,1401,827,8882,3441,1115,265,0,0,47,61,0,2
2024," 30~34歲"," 計",278776,0,278771,0,487,879,29068,7449,154545,24116,5239,3682,2920,117,0,913,4138,1677,27304,10561,4919,534,0,0,161,51,11,5
2024," 30~34歲"," 男",144474,0,144471,0,331,591,17385,4201,71609,15165,2805,2325,761,72,0,532,2067,912,15452,6788,3116,307,0,0,33,18,1,3
2024," 30~34歲"," 女",134302,0,134300,0,156,288,11683,3248,82936,8951,2434,1357,2159,45,0,381,2071,765,11852,3773,1803,227,0,0,128,33,10,2
2024," 35~39歲"," 計",279657,0,279650,0,1240,1084,33999,6050,136201,13691,11325,5796,4344,158,0,1365,7392,2379,31635,12339,7894,1854,0,0,617,284,3,7
2024," 35~39歲"," 男",141209,0,141204,0,862,706,19945,3293,61613,8241,5313,3703,1476,98,0,851,3485,1310,17091,7735,4275,1023,0,0,84,100,0,5
2024," 35~39歲"," 女",138448,0,138446,0,378,378,14054,2757,74588,5450,6012,2093,2868,60,0,514,3907,1069,14544,4604,3619,831,0,0,533,184,3,2
2024," 40~44歲"," 計",349058,0,349028,0,2368,1341,37073,6248,123187,10730,36605,9808,8763,1921,0,563,12667,5857,56270,13210,17825,1795,0,0,2042,733,22,30
2024," 40~44歲"," 男",171586,0,171571,0,1564,867,21740,3426,54859,5724,14993,5817,3992,1061,0,375,5571,3344,29806,7997,9414,763,0,0,174,81,3,15
2024," 40~44歲"," 女",177472,0,177457,0,804,474,15333,2822,68328,5006,21612,3991,4771,860,0,188,7096,2513,26464,5213,8411,1032,0,0,1868,652,19,15
2024," 45~49歲"," 計",355068,0,355005,0,2661,1229,33072,5982,90693,6740,51767,5498,19136,2106,0,128,24035,3891,70425,6665,25840,2214,0,0,2053,837,33,63
2024," 45~49歲"," 男",172090,0,172066,0,1782,775,18743,3112,40316,3222,21405,3026,9509,1288,0,86,11594,2441,34698,4342,14178,1055,0,0,283,206,5,24
2024," 45~49歲"," 女",182978,0,182939,0,879,454,14329,2870,50377,3518,30362,2472,9627,818,0,42,12441,1450,35727,2323,11662,1159,0,0,1770,631,28,39
2024," 50~54歲"," 計",313287,0,313199,0,2094,1122,26280,4136,59399,3411,38142,2433,25658,1054,0,116,31123,3788,72127,4845,32569,2239,0,0,1890,731,42,88
2024," 50~54歲"," 男",149854,0,149819,0,1282,735,14755,2174,26741,1383,16666,1237,13090,707,0,80,14479,2249,32458,2938,17087,1097,0,0,438,213,10,35
2024," 50~54歲"," 女",163433,0,163380,0,812,387,11525,1962,32658,2028,21476,1196,12568,347,0,36,16644,1539,39669,1907,15482,1142,0,0,1452,518,32,53
2024," 55~59歲"," 計",311842,0,311733,0,2256,825,19437,2501,43550,3173,25786,1709,27048,1080,0,111,35245,4003,80449,5386,52362,2566,0,0,3476,703,67,109
2024," 55~59歲"," 男",145004,0,144977,0,1489,521,11300,1287,18982,1177,12121,785,14196,667,0,72,16040,2151,34083,2921,24555,1367,0,0,997,247,19,27
2024," 55~59歲"," 女",166838,0,166756,0,767,304,8137,1214,24568,1996,13665,924,12852,413,0,39,19205,1852,46366,2465,27807,1199,0,0,2479,456,48,82
2024," 60~64歲"," 計",314871,0,314645,0,2027,418,11872,1333,36022,2656,16535,1270,24676,1206,0,82,33343,4379,75343,5721,84406,3174,37,8,9145,868,124,226
2024," 60~64歲"," 男",144274,0,144219,0,1452,297,7402,731,17588,985,8145,533,13764,714,0,51,15699,2322,30239,2868,37058,1598,9,3,2442,286,33,55
2024," 60~64歲"," 女",170597,0,170426,0,575,121,4470,602,18434,1671,8390,737,10912,492,0,31,17644,2057,45104,2853,47348,1576,28,5,6703,582,91,171
2024," 65歲以上"," 計",768492,0,753402,0,3266,344,14325,1345,71915,4789,23235,1694,37827,1640,0,108,67234,7677,109598,7792,140688,14956,4189,1043,218785,17049,3903,15090
2024," 65歲以上"," 男",339065,0,337736,0,2644,267,9888,835,41831,2297,12505,823,22826,1029,0,64,34832,4155,48299,3862,59760,7379,1784,537,76794,4428,897,1329
2024," 65歲以上"," 女",429427,0,415666,0,622,77,4437,510,30084,2492,10730,871,15001,611,0,44,32402,3522,61299,3930,80928,7577,2405,506,141991,12621,3006,13761
